"row ID","Map","Team A Rounds","Team B Rounds","Kills","Assists","Deaths","Mvp's","Points","Result"
"Row0","Mirage",16,13,17,2,21,2,45,"Win"
"Row1","Mirage",16,11,13,4,24,2,40,"Lost"
"Row2","Mirage",16,14,15,3,18,3,37,"Win"
"Row3","Mirage",11,16,12,2,15,2,30,"Lost"
"Row4","Mirage",15,15,33,5,20,5,83,"Tie"
"Row5","Mirage",16,4,13,2,17,1,34,"Lost"
"Row6","Dust II",16,14,19,5,24,2,52,"Lost"
"Row7","Mirage",16,14,17,1,25,0,37,"Lost"
"Row8","Mirage",16,8,25,10,12,4,70,"Win"
"Row9","Mirage",6,16,13,1,17,0,31,"Lost"
"Row10","Dust II",5,16,17,4,12,3,44,"Win"
"Row11","Cache",6,16,15,1,12,3,36,"Win"
"Row12","Cache",16,11,8,2,18,0,22,"Lost"
"Row13","Mirage",13,16,26,6,20,6,71,"Lost"
"Row14","Cache",12,16,13,5,22,1,35,"Win"
"Row15","Dust II",10,16,17,4,19,3,43,"Win"
"Row16","Dust II",3,16,14,4,12,3,36,"Win"
"Row17","Mirage",4,16,15,7,13,3,43,"Win"
"Row18","Dust II",16,2,13,2,8,1,30,"Win"
"Row19","Dust II",16,7,15,3,20,1,43,"Lost"
"Row20","Cache",5,16,16,5,12,3,42,"Win"
"Row21","Mirage",8,16,19,6,15,2,45,"Win"
"Row22","Cache",16,14,11,5,21,4,44,"Lost"
"Row23","Mirage",16,3,22,2,7,5,47,"Win"
"Row24","Mirage",9,16,10,2,22,2,26,"Lost"
"Row25","Mirage",16,13,21,6,18,3,56,"Win"
"Row26","Mirage",2,16,12,7,11,2,35,"Win"
"Row27","Mirage",10,16,15,6,12,0,39,"Win"
"Row28","Mirage",15,15,25,1,20,2,56,"Tie"
"Row29","Mirage",16,13,27,5,20,3,65,"Win"
"Row30","Mirage",6,16,13,2,17,0,28,"Lost"
"Row31","Cache",5,16,16,2,10,2,41,"Win"
"Row32","Mirage",9,16,11,1,18,2,25,"Lost"
"Row33","Cache",16,11,12,5,23,3,43,"Lost"
"Row34","Mirage",2,16,14,3,15,1,31,"Lost"
"Row35","Mirage",16,2,11,2,10,1,24,"Win"
"Row36","Mirage",12,16,13,3,18,1,30,"Lost"
"Row37","Mirage",3,16,24,3,6,6,64,"Win"
"Row38","Mirage",15,15,27,3,21,1,64,"Tie"
"Row39","Cache",13,16,23,3,7,6,54,"Win"
"Row40","Mirage",16,2,6,1,14,0,15,"Lost"
"Row41","Mirage",16,14,6,5,14,1,17,"Win"
"Row42","Mirage",16,11,10,8,13,1,32,"Lost"
"Row43","Mirage",16,0,12,1,4,3,31,"Win"
"Row44","Mirage",16,9,10,6,19,1,26,"Lost"
"Row45","Mirage",13,16,23,8,18,3,60,"Win"
"Row46","Mirage",16,5,16,2,9,3,36,"Win"
"Row47","Mirage",2,14,1,1,8,0,3,"Lost"
"Row48","Mirage",6,16,22,1,10,6,55,"Win"
"Row49","Mirage",7,16,18,5,16,1,41,"Win"
"Row50","Mirage",16,8,17,4,19,2,46,"Lost"
"Row51","Cache",14,16,13,5,16,2,36,"Lost"
"Row52","Mirage",11,16,15,8,13,4,44,"Win"
"Row53","Cache",15,15,12,7,20,2,41,"Tie"
"Row54","Mirage",3,16,7,4,16,0,21,"Lost"
"Row55","Dust II",14,16,10,6,20,0,27,"Lost"
"Row56","Dust II",6,16,19,3,12,5,48,"Win"
"Row57","Mirage",16,12,18,4,19,2,48,"Lost"
"Row58","Cache",16,14,16,4,14,1,48,"Win"
"Row59","Mirage",9,16,9,2,18,0,22,"Lost"
"Row60","Dust II",6,16,5,5,20,0,16,"Lost"
"Row61","Mirage",8,16,15,7,22,0,39,"Lost"
"Row62","Cache",16,13,14,11,22,3,52,"Win"
"Row63","Mirage",10,16,25,5,16,4,70,"Win"
"Row64","Mirage",6,16,14,3,14,1,31,"Lost"
"Row65","Mirage",9,16,28,5,12,7,70,"Win"
"Row66","Mirage",16,6,11,6,17,1,33,"Lost"
"Row67","Mirage",16,8,10,6,23,0,26,"Lost"
"Row68","Mirage",16,5,10,5,17,1,26,"Lost"
"Row69","Mirage",0,11,10,1,4,4,28,"Win"
"Row70","Mirage",9,16,25,0,19,4,53,"Lost"
"Row71","Mirage",15,15,15,5,27,3,48,"Tie"
"Row72","Mirage",15,15,22,4,21,4,51,"Tie"
"Row73","Mirage",8,16,8,1,11,3,24,"Win"
"Row74","Cache",2,16,10,1,13,0,21,"Lost"
"Row75","Mirage",16,7,16,8,18,1,48,"Lost"
"Row76","Mirage",16,5,8,2,18,2,22,"Lost"
"Row77","Mirage",16,10,19,5,14,4,49,"Win"
"Row78","Mirage",15,15,36,5,17,4,89,"Tie"
"Row79","Mirage",7,3,7,1,5,2,15,"Win"
"Row80","Mirage",14,1,10,1,10,1,22,"Win"
"Row81","Mirage",14,16,22,6,21,2,56,"Lost"
"Row82","Mirage",16,11,17,6,20,3,46,"Win"
"Row83","Mirage",16,10,16,3,19,3,46,"Lost"
"Row84","Mirage",16,12,14,8,20,2,42,"Lost"
"Row85","Dust II",16,6,11,5,15,2,29,"Win"
"Row86","Dust II",16,4,19,4,10,2,42,"Win"
"Row87","Mirage",5,16,18,6,13,4,47,"Win"
"Row88","Cache",14,16,36,5,21,7,89,"Lost"
"Row89","Dust II",15,15,25,3,15,3,64,"Tie"
"Row90","Dust II",16,4,22,9,9,7,53,"Win"
"Row91","Dust II",15,15,20,5,23,3,53,"Tie"
"Row92","Dust II",2,16,15,4,11,0,37,"Win"
"Row93","Cache",10,16,15,8,22,2,42,"Lost"
"Row94","Cache",6,16,13,5,15,1,31,"Lost"
"Row95","Overpass",16,9,7,4,15,0,19,"Lost"
"Row96","Dust II",16,12,22,6,20,1,54,"Lost"
"Row97","Mirage",5,16,14,7,14,2,37,"Win"
"Row98","Dust II",8,1,0,1,3,0,1,"Lost"
"Row99","Dust II",16,10,1,0,4,0,2,"Lost"
"Row100","Mirage",12,1,18,2,3,2,39,"Win"
"Row101","Mirage",11,6,10,3,11,1,30,"Lost"
"Row102","Mirage",16,12,8,9,21,0,32,"Lost"
"Row103","Mirage",16,12,15,4,18,3,45,"Lost"
"Row104","Mirage",5,16,9,3,14,0,23,"Lost"
"Row105","Mirage",16,9,11,4,21,1,37,"Lost"
"Row106","Mirage",16,7,9,2,21,2,24,"Lost"
"Row107","Mirage",11,16,19,6,22,2,46,"Lost"
"Row108","Dust II",10,16,23,5,19,2,67,"Lost"
"Row109","Dust II",14,16,14,5,19,2,37,"Lost"
"Row110","Mirage",16,7,10,9,15,1,31,"Win"
"Row111","Mirage",9,16,10,3,21,0,28,"Lost"
"Row112","Mirage",5,16,12,0,16,0,25,"Lost"
"Row113","Mirage",16,14,20,7,22,3,62,"Lost"
"Row114","Mirage",4,16,18,3,12,3,53,"Win"
"Row115","Mirage",16,10,24,4,13,4,60,"Win"
"Row116","Mirage",16,5,10,8,14,1,28,"Win"
"Row117","Mirage",16,7,16,7,18,2,45,"Lost"
"Row118","Mirage",12,16,23,8,23,2,65,"Win"
"Row119","Dust II",15,15,21,4,23,2,55,"Tie"
"Row120","Mirage",15,15,17,5,21,1,47,"Tie"
"Row121","Mirage",16,14,34,4,22,6,88,"Win"
"Row122","Mirage",16,10,16,7,20,1,41,"Lost"
"Row123","Cobblestone",16,3,20,2,8,3,46,"Win"
"Row124","Cache",16,3,9,2,17,1,24,"Lost"
"Row125","Mirage",12,16,18,13,19,4,51,"Win"
"Row126","Dust II",1,10,11,2,4,4,26,"Win"
"Row127","Dust II",16,9,9,6,17,2,26,"Lost"
"Row128","Dust II",11,16,23,2,17,3,52,"Win"
"Row129","Mirage",16,11,28,4,19,6,68,"Lost"
"Row130","Cobblestone",16,7,3,2,7,0,8,"Lost"
"Row131","Dust II",7,16,19,2,19,1,42,"Lost"
"Row132","Overpass",16,8,7,0,15,0,17,"Lost"
"Row133","Mirage",14,16,18,5,25,2,49,"Lost"
"Row134","Mirage",13,16,9,7,23,1,30,"Win"
"Row135","Mirage",11,16,11,12,18,1,40,"Win"
"Row136","Dust II",12,16,19,4,19,1,51,"Lost"
"Row137","Cache",11,16,25,6,18,2,62,"Lost"
"Row138","Dust II",16,7,15,7,13,2,37,"Win"
"Row139","Cache",11,16,14,6,16,1,39,"Win"
"Row140","Dust II",16,14,27,7,20,4,65,"Lost"
"Row141","Dust II",7,16,10,3,21,1,23,"Lost"
"Row142","Mirage",10,16,16,6,21,2,40,"Lost"
"Row143","Dust II",16,5,13,4,15,2,31,"Win"
"Row144","Dust II",12,16,12,4,24,2,30,"Lost"
"Row145","Cache",16,11,16,7,23,1,42,"Lost"
"Row146","Mirage",16,6,16,3,19,2,41,"Lost"
"Row147","Dust II",15,15,28,5,20,4,64,"Tie"
"Row148","Dust II",16,2,7,5,13,2,19,"Win"
"Row149","Mirage",5,16,5,3,14,0,13,"Lost"
"Row150","Dust II",14,16,19,7,23,4,48,"Lost"
"Row151","Mirage",16,3,5,1,16,1,17,"Lost"
"Row152","Dust II",7,16,16,4,15,2,36,"Win"
"Row153","Mirage",6,16,11,4,19,1,31,"Lost"
"Row154","Dust II",8,16,15,3,19,3,45,"Lost"
"Row155","Mirage",16,10,23,2,17,4,53,"Lost"
"Row156","Mirage",12,16,26,8,19,6,63,"Win"
"Row157","Dust II",16,4,10,0,17,0,22,"Lost"
"Row158","Dust II",13,16,22,4,22,3,55,"Lost"
"Row159","Mirage",16,6,17,6,12,3,54,"Win"
"Row160","Inferno",16,9,22,4,17,3,52,"Lost"
"Row161","Mirage",13,16,10,3,22,0,31,"Lost"
"Row162","Inferno",16,12,14,7,20,3,40,"Lost"
"Row163","Mirage",12,16,14,4,18,0,39,"Lost"
"Row164","Mirage",14,16,19,7,21,3,51,"Win"
"Row165","Mirage",13,16,14,6,24,4,37,"Lost"
"Row166","Dust II",13,16,17,2,22,1,41,"Win"
"Row167","Mirage",14,16,17,5,20,3,43,"Win"
"Row168","Mirage",9,16,25,10,13,5,69,"Win"
"Row169","Mirage",7,16,20,3,11,3,61,"Win"
"Row170","Inferno",16,11,14,2,21,4,39,"Lost"
"Row171","Mirage",16,6,22,3,13,5,54,"Win"
"Row172","Dust II",16,12,9,6,21,1,26,"Win"
"Row173","Mirage",15,15,25,3,20,4,58,"Tie"
"Row174","Mirage",16,3,12,5,9,2,29,"Win"
"Row175","Dust II",7,12,6,2,13,1,17,"Lost"
"Row176","Dust II",11,16,12,7,19,0,37,"Win"
"Row177","Dust II",15,15,15,1,23,4,33,"Tie"
"Row178","Mirage",15,15,17,12,26,1,50,"Tie"
"Row179","Dust II",16,11,15,3,21,1,37,"Lost"
"Row180","Mirage",16,13,26,3,14,2,68,"Win"
"Row181","Mirage",16,13,19,4,24,4,55,"Lost"
"Row182","Dust II",15,15,14,2,22,2,35,"Tie"
"Row183","Dust II",16,7,25,4,12,3,57,"Win"
"Row184","Mirage",15,15,12,2,22,1,29,"Tie"
"Row185","Cache",4,16,6,1,19,0,15,"Lost"
"Row186","Mirage",15,15,25,3,21,5,65,"Tie"
"Row187","Dust II",16,12,11,5,20,1,38,"Win"
"Row188","Dust II",10,2,5,1,7,1,13,"Win"
"Row189","Dust II",16,13,29,5,22,5,77,"Win"
"Row190","Dust II",16,14,24,3,20,3,60,"Win"
"Row191","Dust II",10,16,13,4,21,2,36,"Lost"
"Row192","Inferno",16,14,9,9,24,1,35,"Lost"
"Row193","Dust II",16,12,15,10,17,0,47,"Win"
"Row194","Dust II",16,7,13,5,19,2,40,"Lost"
"Row195","Dust II",15,15,20,7,23,3,50,"Tie"
"Row196","Dust II",15,15,27,6,21,3,69,"Tie"
"Row197","Mirage",5,16,19,4,12,4,51,"Win"
"Row198","Mirage",16,6,23,4,14,6,57,"Win"
"Row199","Mirage",15,15,19,5,22,4,56,"Tie"
"Row200","Cache",16,13,18,1,18,2,44,"Win"
"Row201","Dust II",16,9,11,2,22,0,27,"Lost"
"Row202","Mirage",7,16,11,4,14,1,30,"Win"
"Row203","Dust II",14,16,25,5,19,4,61,"Win"
"Row204","Dust II",16,6,11,3,20,1,25,"Lost"
"Row205","Dust II",16,5,10,2,14,0,24,"Lost"
"Row206","Mirage",16,9,2,1,8,0,5,"Lost"
"Row207","Dust II",7,16,14,0,17,2,28,"Win"
"Row208","Dust II",16,5,9,4,20,2,22,"Lost"
"Row209","Dust II",16,9,15,5,17,2,39,"Win"
"Row210","Dust II",12,16,22,7,17,4,60,"Win"
"Row211","Dust II",9,16,23,3,15,3,54,"Win"
"Row212","Dust II",16,11,17,1,16,1,41,"Win"
"Row213","Dust II",7,16,11,6,20,0,28,"Lost"
"Row214","Dust II",16,7,17,3,21,1,41,"Lost"
"Row215","Dust II",15,15,11,5,22,1,29,"Tie"
"Row216","Dust II",12,16,16,9,19,3,45,"Win"
"Row217","Dust II",16,7,9,4,16,0,24,"Win"
"Row218","Dust II",8,16,23,11,17,2,57,"Win"
"Row219","Mirage",16,8,13,4,20,0,33,"Lost"
"Row220","Dust II",12,16,15,4,22,0,41,"Lost"
"Row221","Dust II",4,16,6,0,11,0,12,"Lost"
"Row222","Dust II",12,16,14,5,22,2,38,"Lost"
"Row223","Dust II",10,16,29,5,17,6,75,"Win"
"Row224","Dust II",16,4,3,5,15,0,12,"Win"
"Row225","Dust II",16,10,21,3,19,2,47,"Lost"
"Row226","Dust II",16,13,21,8,26,2,57,"Lost"
"Row227","Dust II",16,10,24,5,20,5,62,"Lost"
"Row228","Mirage",16,13,22,7,20,5,61,"Win"
"Row229","Dust II",14,16,23,7,19,2,58,"Lost"
"Row230","Dust II",5,16,12,1,14,1,28,"Lost"
"Row231","Cache",16,11,19,5,17,0,46,"Win"
"Row232","Dust II",13,16,31,7,17,5,78,"Win"
"Row233","Cache",16,6,8,1,12,1,17,"Lost"
"Row234","Dust II",16,11,16,8,18,3,44,"Win"
"Row235","Dust II",8,16,24,1,16,2,52,"Lost"
"Row236","Mirage",16,10,26,2,20,3,72,"Lost"
"Row237","Dust II",10,16,12,6,18,2,31,"Win"
"Row238","Dust II",16,9,20,7,16,2,51,"Win"
"Row239","Dust II",16,13,4,2,7,1,10,"Win"
"Row240","Dust II",4,16,8,0,17,0,18,"Lost"
"Row241","Dust II",11,16,16,6,22,3,48,"Win"
"Row242","Mirage",13,16,22,7,23,2,59,"Lost"
"Row243","Mirage",16,9,4,5,21,0,19,"Lost"
"Row244","Dust II",5,16,19,4,13,5,52,"Win"
"Row245","Dust II",11,16,17,2,20,3,48,"Lost"
"Row246","Dust II",9,16,11,2,18,2,26,"Lost"
"Row247","Dust II",16,9,14,7,18,3,45,"Win"
"Row248","Mirage",16,13,16,4,25,4,50,"Lost"
"Row249","Dust II",10,16,5,3,24,0,13,"Lost"
"Row250","Dust II",13,16,9,5,20,2,29,"Lost"
"Row251","Dust II",16,10,11,5,21,2,34,"Lost"
"Row252","Dust II",16,14,15,3,18,3,46,"Win"
"Row253","Dust II",16,11,15,3,17,1,36,"Win"
"Row254","Mirage",16,10,16,1,15,3,45,"Win"
"Row255","Mirage",10,16,12,8,20,2,38,"Lost"
"Row256","Dust II",14,16,17,2,20,3,52,"Win"
"Row257","Mirage",6,16,15,2,11,2,38,"Win"
"Row258","Mirage",16,11,20,3,18,2,47,"Lost"
"Row259","Dust II",2,16,4,2,16,0,10,"Lost"
"Row260","Dust II",16,8,18,3,12,4,45,"Win"
"Row261","Dust II",12,16,13,1,15,3,31,"Lost"
"Row262","Mirage",16,4,18,0,8,2,36,"Win"
"Row263","Dust II",16,12,15,3,21,3,39,"Lost"
"Row264","Dust II",15,15,4,2,22,2,17,"Tie"
"Row265","Dust II",16,13,23,7,21,5,67,"Lost"
"Row266","Dust II",9,16,9,1,23,0,23,"Lost"
"Row267","Dust II",11,16,17,1,15,0,37,"Lost"
"Row268","Dust II",16,14,11,6,22,1,35,"Lost"
"Row269","Dust II",4,16,7,3,17,0,22,"Lost"
"Row270","Mirage",7,16,18,5,12,3,58,"Win"
"Row271","Dust II",9,16,12,5,21,0,36,"Lost"
"Row272","Dust II",5,16,12,7,13,2,33,"Win"
"Row273","Dust II",16,10,18,2,20,2,42,"Lost"
"Row274","Dust II",16,14,20,5,22,3,55,"Lost"
"Row275","Dust II",16,13,21,3,21,2,51,"Lost"
"Row276","Dust II",16,6,7,1,13,1,19,"Win"
"Row277","Dust II",16,9,19,4,15,1,48,"Win"
"Row278","Dust II",12,16,19,4,21,3,49,"Lost"
"Row279","Dust II",7,16,19,6,14,4,55,"Win"
"Row280","Dust II",16,8,15,9,21,1,44,"Lost"
"Row281","Dust II",10,16,19,2,17,4,45,"Win"
"Row282","Dust II",13,16,18,8,20,4,51,"Win"
"Row283","Mirage",16,12,14,1,19,2,35,"Lost"
"Row284","Mirage",16,10,12,6,21,2,38,"Lost"
"Row285","Mirage",2,16,6,2,14,1,14,"Lost"
"Row286","Dust II",16,10,12,3,14,3,34,"Win"
"Row287","Dust II",15,15,20,4,22,2,48,"Tie"
"Row288","Dust II",16,11,15,7,22,1,37,"Lost"
"Row289","Dust II",9,16,21,3,11,7,58,"Win"
"Row290","Dust II",15,15,5,2,10,0,13,"Tie"
"Row291","Dust II",15,15,18,5,20,4,54,"Tie"
"Row292","Dust II",10,16,22,4,20,3,51,"Lost"
"Row293","Dust II",7,16,11,10,11,0,36,"Win"
"Row294","Mirage",13,16,15,5,22,1,46,"Lost"
"Row295","Mirage",9,16,18,4,19,4,51,"Lost"
"Row296","Dust II",16,7,18,6,17,1,48,"Lost"
"Row297","Dust II",16,13,21,10,20,3,58,"Win"
"Row298","Dust II",16,12,18,2,21,2,44,"Lost"
"Row299","Dust II",14,16,14,6,21,2,37,"Lost"
"Row300","Mirage",16,7,13,4,17,1,36,"Win"
"Row301","Dust II",10,16,17,5,18,4,43,"Win"
"Row302","Dust II",16,8,22,4,11,4,61,"Win"
"Row303","Dust II",6,16,5,2,17,0,16,"Lost"
"Row304","Dust II",9,16,17,4,21,1,41,"Lost"
"Row305","Dust II",16,10,6,4,19,1,19,"Lost"
"Row306","Dust II",16,6,12,6,15,0,31,"Win"
"Row307","Dust II",4,16,7,0,14,0,14,"Lost"
"Row308","Dust II",16,12,12,7,18,0,37,"Win"
"Row309","Inferno",1,16,7,6,9,2,27,"Win"
"Row310","Dust II",2,16,14,3,6,2,38,"Win"
"Row311","Dust II",16,3,0,0,3,0,1,"Lost"
"Row312","Dust II",16,12,26,7,19,5,67,"Win"
"Row313","Dust II",5,16,18,1,18,1,37,"Lost"
"Row314","Dust II",15,15,17,2,20,1,39,"Tie"
"Row315","Dust II",8,16,6,3,9,1,16,"Lost"
"Row316","Dust II",16,1,13,0,15,1,26,"Lost"
"Row317","Dust II",7,16,13,3,12,3,32,"Win"
"Row318","Mirage",16,13,4,1,9,1,9,"Lost"
"Row319","Dust II",7,16,15,3,12,1,35,"Win"
"Row320","Dust II",9,16,15,2,17,1,32,"Lost"
"Row321","Dust II",16,13,13,8,19,0,42,"Win"
"Row322","Dust II",2,16,7,3,12,0,20,"Lost"
"Row323","Dust II",16,7,1,0,7,0,2,"Lost"
"Row324","Dust II",16,9,14,7,17,1,42,"Win"
"Row325","Dust II",16,9,16,1,17,0,37,"Lost"
"Row326","Dust II",16,8,14,2,17,1,38,"Lost"
"Row327","Dust II",16,12,13,5,22,0,37,"Lost"
"Row328","Dust II",7,16,8,3,16,1,23,"Win"
"Row329","Dust II",16,11,13,6,18,0,36,"Win"
"Row330","Mirage",16,9,5,2,11,0,16,"Lost"
"Row331","Mirage",14,16,13,4,21,2,35,"Lost"
"Row332","Dust II",16,9,22,6,13,5,58,"Win"
"Row333","Dust II",16,7,6,8,21,0,20,"Lost"
"Row334","Mirage",15,4,15,4,10,2,40,"Win"
"Row335","Dust II",11,16,13,4,15,1,33,"Win"
"Row336","Dust II",16,14,12,6,21,2,32,"Lost"
"Row337","Dust II",6,16,12,3,12,1,31,"Win"
"Row338","Dust II",7,16,14,4,14,0,35,"Win"
"Row339","Dust II",12,16,13,3,22,0,31,"Lost"
"Row340","Dust II",9,16,25,5,13,5,70,"Win"
"Row341","Dust II",8,16,0,0,5,0,2,"Win"
"Row342","Dust II",15,15,14,4,24,0,39,"Tie"
"Row343","Dust II",3,16,9,0,17,1,18,"Lost"
"Row344","Dust II",14,16,21,9,24,6,62,"Win"
"Row345","Cache",14,16,26,4,16,4,62,"Win"
"Row346","Mirage",15,15,20,7,24,1,52,"Tie"
"Row347","Mirage",16,8,12,7,19,2,41,"Lost"
"Row348","Mirage",15,15,16,6,18,2,40,"Tie"
"Row349","Dust II",16,9,20,4,21,2,44,"Lost"
"Row350","Cache",16,12,19,3,18,3,54,"Win"
"Row351","Inferno",16,4,2,1,2,1,5,"Lost"
"Row352","Dust II",11,16,13,5,18,3,42,"Win"
"Row353","Dust II",2,16,7,2,14,0,18,"Lost"
"Row354","Mirage",9,16,17,4,10,3,47,"Win"
"Row355","Dust II",16,5,9,7,19,1,33,"Lost"
"Row356","Dust II",3,16,19,3,10,2,46,"Win"
"Row357","Mirage",16,14,17,7,26,0,45,"Win"
"Row358","Dust II",10,16,18,3,22,1,43,"Lost"
"Row359","Mirage",14,16,24,8,20,5,73,"Win"
"Row360","Dust II",16,7,17,3,12,3,39,"Win"
"Row361","Dust II",16,9,17,4,19,4,44,"Lost"
"Row362","Dust II",16,12,17,5,22,1,40,"Lost"
"Row363","Dust II",16,14,20,2,21,2,45,"Win"
"Row364","Mirage",15,15,23,13,24,1,62,"Tie"
"Row365","Cobblestone",1,16,13,5,9,3,38,"Win"
"Row366","Inferno",16,13,20,3,19,0,46,"Win"
"Row367","Mirage",9,16,13,4,22,2,35,"Lost"
"Row368","Mirage",15,15,25,2,21,3,57,"Tie"
"Row369","Mirage",7,16,18,2,18,4,44,"Lost"
"Row370","Mirage",6,16,9,1,17,1,25,"Lost"
"Row371","Dust II",9,16,12,3,19,1,34,"Lost"
"Row372","Dust II",8,16,20,2,13,3,47,"Win"
"Row373","Mirage",12,16,17,4,24,1,44,"Lost"
"Row374","Dust II",9,16,14,4,16,2,36,"Win"
"Row375","Dust II",14,7,16,2,9,1,42,"Win"
"Row376","Mirage",14,16,20,9,22,2,55,"Lost"
"Row377","Mirage",12,16,21,3,18,3,58,"Win"
"Row378","Dust II",2,16,7,5,11,2,24,"Win"
"Row379","Dust II",16,9,26,4,12,5,67,"Win"
"Row380","Dust II",16,8,16,5,19,3,42,"Lost"
"Row381","Dust II",16,14,25,6,16,6,62,"Win"
"Row382","Dust II",2,16,7,3,18,0,17,"Lost"
"Row383","Mirage",16,6,10,4,19,1,28,"Lost"
"Row384","Cache",15,15,9,4,17,0,26,"Tie"
"Row385","Cache",8,16,12,2,20,1,30,"Lost"
"Row386","Mirage",11,16,23,6,19,1,58,"Lost"
"Row387","Cache",6,16,8,2,9,1,18,"Lost"
"Row388","Cache",16,9,18,6,16,2,53,"Lost"
"Row389","Dust II",9,16,15,5,20,0,38,"Lost"
"Row390","Dust II",16,8,16,5,18,2,38,"Lost"
"Row391","Dust II",6,16,23,6,14,4,59,"Win"
"Row392","Dust II",15,15,18,6,23,4,46,"Tie"
"Row393","Cache",16,6,10,7,20,0,31,"Lost"
"Row394","Dust II",16,8,17,3,19,0,38,"Lost"
"Row395","Dust II",16,3,15,4,11,3,34,"Win"
"Row396","Dust II",16,14,13,3,26,2,37,"Lost"
"Row397","Inferno",10,16,10,1,22,0,21,"Lost"
"Row398","Dust II",15,15,17,5,22,2,47,"Tie"
"Row399","Dust II",12,16,21,5,19,2,54,"Win"
"Row400","Mirage",15,15,20,8,22,2,53,"Tie"
"Row401","Inferno",11,16,2,6,20,1,16,"Win"
"Row402","Dust II",6,16,8,1,17,1,19,"Lost"
"Row403","Dust II",14,16,21,7,16,3,54,"Win"
"Row404","Inferno",16,4,5,3,19,0,18,"Lost"
"Row405","Mirage",15,15,19,6,26,2,55,"Tie"
"Row406","Dust II",14,16,17,2,22,4,43,"Lost"
"Row407","Overpass",7,16,17,4,13,0,41,"Win"
"Row408","Austria",12,16,17,4,22,1,43,"Lost"
"Row409","Dust II",14,16,20,7,19,2,47,"Lost"
"Row410","Mirage",5,16,11,1,16,1,23,"Lost"
"Row411","Dust II",11,16,16,10,23,2,50,"Win"
"Row412","Dust II",10,16,12,3,18,2,34,"Lost"
"Row413","Dust II",16,8,16,4,11,3,40,"Win"
"Row414","Dust II",16,11,11,5,20,0,35,"Lost"
"Row415","Dust II",16,6,10,1,12,2,24,"Win"
"Row416","Dust II",4,16,17,6,11,2,50,"Win"
"Row417","Dust II",8,16,11,4,21,2,28,"Lost"
"Row418","Dust II",16,4,16,4,11,2,41,"Win"
"Row419","Mirage",16,12,16,8,15,0,46,"Win"
"Row420","Dust II",15,15,21,7,21,2,53,"Tie"
"Row421","Dust II",16,11,18,5,17,1,46,"Lost"
"Row422","Dust II",16,11,17,2,20,2,46,"Lost"
"Row423","Dust II",8,16,19,5,17,3,45,"Win"
"Row424","Dust II",16,2,14,3,6,2,31,"Win"
"Row425","Dust II",13,16,18,3,17,2,41,"Lost"
"Row426","Dust II",16,10,9,7,19,2,26,"Lost"
"Row427","Dust II",16,13,22,4,22,2,51,"Lost"
"Row428","Dust II",16,12,20,5,21,2,51,"Lost"
"Row429","Mirage",16,4,10,0,16,1,23,"Lost"
"Row430","Dust II",16,14,16,2,16,1,34,"Lost"
"Row431","Dust II",14,16,19,1,20,0,42,"Lost"
"Row432","Dust II",12,16,13,6,20,1,35,"Win"
"Row433","Dust II",9,16,20,4,14,1,48,"Win"
"Row434","Dust II",2,16,20,3,5,3,50,"Win"
"Row435","Dust II",16,4,13,6,8,1,34,"Win"
"Row436","Dust II",7,16,11,2,17,2,29,"Lost"
"Row437","Mirage",16,4,12,2,11,3,30,"Win"
"Row438","Dust II",15,15,31,5,17,5,74,"Tie"
"Row439","Dust II",16,9,16,3,20,2,37,"Win"
"Row440","Dust II",13,16,10,6,21,2,33,"Win"
"Row441","Dust II",16,8,17,4,21,1,44,"Lost"
"Row442","Dust II",16,12,15,6,24,0,38,"Lost"
"Row443","Mirage",14,16,15,6,22,2,49,"Lost"
"Row444","Dust II",16,10,17,2,12,3,44,"Win"
"Row445","Dust II",16,8,15,0,16,3,36,"Win"
"Row446","Dust II",11,16,18,1,16,2,50,"Win"
"Row447","Dust II",15,15,24,6,22,4,56,"Tie"
"Row448","Dust II",16,14,19,1,21,2,48,"Win"
"Row449","Dust II",10,16,18,9,19,2,53,"Lost"
"Row450","Dust II",15,15,24,5,19,0,62,"Tie"
"Row451","Dust II",14,4,12,4,8,0,30,"Win"
"Row452","Dust II",4,16,10,2,16,0,23,"Lost"
"Row453","Mirage",14,16,12,8,18,4,47,"Lost"
"Row454","Dust II",16,12,15,6,22,2,46,"Lost"
"Row455","Dust II",16,7,16,7,16,3,43,"Win"
"Row456","Dust II",16,14,13,3,22,1,40,"Lost"
"Row457","Dust II",16,0,10,0,2,1,20,"Win"
"Row458","Dust II",13,0,6,2,11,0,16,"Lost"
"Row459","Dust II",16,7,23,2,12,4,57,"Win"
"Row460","Dust II",16,7,17,2,17,0,46,"Lost"
"Row461","Dust II",9,16,10,5,20,2,29,"Lost"
"Row462","Mirage",5,16,6,5,17,0,21,"Lost"
"Row463","Mirage",5,16,12,3,19,1,27,"Lost"
"Row464","Dust II",2,16,5,3,18,0,13,"Lost"
"Row465","Dust II",16,4,18,3,14,1,45,"Lost"
"Row466","Dust II",14,16,18,5,19,3,47,"Lost"
"Row467","Dust II",12,16,20,5,22,2,52,"Lost"
"Row468","Dust II",15,15,17,3,22,4,47,"Tie"
"Row469","Inferno",6,16,13,2,18,1,29,"Lost"
"Row470","Dust II",15,15,18,6,23,4,43,"Tie"
"Row471","Inferno",14,16,17,4,22,2,43,"Lost"
"Row472","Dust II",16,10,17,4,21,1,44,"Lost"
"Row473","Dust II",16,9,23,4,14,3,54,"Win"
"Row474","Dust II",16,7,9,5,21,1,25,"Lost"
"Row475","Dust II",16,12,22,6,18,4,54,"Lost"
"Row476","Dust II",16,8,10,4,15,1,28,"Win"
"Row477","Dust II",13,16,0,0,0,0,1,"Lost"
"Row478","Dust II",16,14,18,4,21,1,49,"Lost"
"Row479","Dust II",16,7,10,3,19,1,23,"Lost"
"Row480","Dust II",13,16,17,7,17,0,49,"Win"
"Row481","Dust II",16,5,13,3,14,4,40,"Win"
"Row482","Mirage",16,14,16,1,17,1,42,"Win"
"Row483","Dust II",16,12,19,6,23,2,56,"Lost"
"Row484","Dust II",16,11,13,11,19,2,50,"Win"
"Row485","Dust II",14,16,22,5,20,5,61,"Lost"
"Row486","Dust II",8,16,10,4,19,2,28,"Lost"
"Row487","Dust II",10,16,29,5,16,4,74,"Win"
"Row488","Dust II",10,16,11,7,21,0,29,"Lost"
"Row489","Dust II",16,4,12,3,15,1,33,"Lost"
"Row490","Dust II",13,16,7,2,8,0,16,"Lost"
"Row491","Dust II",16,14,14,6,16,0,43,"Lost"
"Row492","Dust II",8,16,12,0,14,4,39,"Win"
"Row493","Dust II",16,10,16,4,20,2,43,"Lost"
"Row494","Dust II",3,16,9,0,17,0,18,"Lost"
"Row495","Dust II",10,16,14,7,21,2,40,"Lost"
"Row496","Dust II",10,16,3,1,8,0,7,"Lost"
"Row497","Dust II",16,11,22,9,20,1,56,"Lost"
"Row498","Dust II",16,6,11,3,12,1,34,"Win"
"Row499","Dust II",10,16,16,2,14,0,46,"Win"
"Row500","Dust II",16,4,16,3,10,4,40,"Win"
"Row501","Cache",7,16,13,6,13,1,43,"Win"
"Row502","Cache",10,16,8,3,19,1,25,"Win"
"Row503","Dust II",16,5,17,2,17,2,44,"Lost"
"Row504","Dust II",7,16,11,5,21,0,33,"Lost"
"Row505","Dust II",16,8,6,5,18,0,20,"Lost"
"Row506","Dust II",16,9,11,2,14,1,33,"Win"
"Row507","Dust II",9,16,17,3,19,1,39,"Lost"
"Row508","Dust II",15,15,17,5,20,4,43,"Tie"
"Row509","Dust II",11,16,20,6,20,4,48,"Win"
"Row510","Dust II",10,16,13,1,22,0,28,"Lost"
"Row511","Dust II",15,15,23,3,21,2,59,"Tie"
"Row512","Dust II",10,16,13,2,16,3,42,"Win"
"Row513","Mirage",16,13,20,5,21,1,47,"Win"
"Row514","Dust II",15,15,21,2,18,2,53,"Tie"
"Row515","Dust II",16,13,13,3,21,2,36,"Win"
"Row516","Dust II",16,14,18,5,20,1,44,"Win"
"Row517","Dust II",16,10,12,4,19,0,32,"Lost"
"Row518","Dust II",14,16,18,8,21,2,49,"Win"
"Row519","Dust II",16,9,12,6,23,2,32,"Lost"
"Row520","Dust II",14,16,15,5,22,2,46,"Lost"
"Row521","Dust II",16,3,8,1,16,1,21,"Lost"
"Row522","Dust II",13,16,14,4,21,0,32,"Win"
"Row523","Dust II",16,8,13,3,15,1,37,"Win"
"Row524","Dust II",5,16,8,2,18,0,20,"Lost"
"Row525","Dust II",16,14,11,6,26,0,34,"Lost"
"Row526","Dust II",16,6,5,3,3,0,14,"Win"
"Row527","Dust II",14,16,13,4,20,1,35,"Lost"
"Row528","Dust II",16,12,15,1,15,1,38,"Win"
"Row529","Dust II",16,11,13,4,18,0,31,"Lost"
"Row530","Mirage",8,16,13,1,19,0,34,"Lost"
"Row531","Mirage",16,2,12,3,5,2,27,"Win"
"Row532","Dust II",16,14,20,4,23,2,49,"Lost"
"Row533","Dust II",3,16,15,5,7,4,45,"Win"
"Row534","Mirage",16,13,24,6,18,2,63,"Win"
"Row535","Dust II",16,12,1,1,8,0,3,"Win"
"Row536","Inferno",5,13,0,0,3,0,0,"Lost"
"Row537","Dust II",16,10,22,4,21,3,58,"Lost"
"Row538","Dust II",16,13,34,5,19,4,83,"Win"
"Row539","Dust II",16,6,13,0,21,1,30,"Lost"
"Row540","Dust II",15,15,24,4,22,2,64,"Tie"
"Row541","Dust II",16,13,20,7,21,2,56,"Win"
"Row542","Dust II",16,11,19,7,20,2,54,"Win"
"Row543","Mirage",10,16,18,6,19,1,47,"Lost"
"Row544","Dust II",9,16,12,6,21,2,32,"Lost"
"Row545","Dust II",16,10,10,4,22,3,34,"Lost"
"Row546","Dust II",3,16,22,6,8,3,62,"Win"
"Row547","Dust II",16,11,23,3,14,1,55,"Win"
"Row548","Dust II",5,16,15,4,18,0,38,"Lost"
"Row549","Dust II",16,10,24,6,15,3,59,"Win"
"Row550","Dust II",2,14,7,3,12,1,17,"Lost"
"Row551","Dust II",12,16,18,2,17,1,44,"Win"
"Row552","Overpass",16,14,13,4,17,3,44,"Lost"
"Row553","Dust II",15,15,12,3,20,1,34,"Tie"
"Row554","Inferno",4,16,7,7,20,0,23,"Lost"
"Row555","Dust II",7,16,16,4,21,3,37,"Lost"
"Row556","Dust II",1,16,14,2,16,1,30,"Lost"
"Row557","Dust II",12,16,19,4,17,5,57,"Lost"
"Row558","Dust II",16,3,8,1,17,0,25,"Lost"
"Row559","Dust II",16,9,19,5,14,3,53,"Win"
"Row560","Dust II",10,16,9,7,21,1,27,"Lost"
"Row561","Dust II",16,11,22,3,18,1,53,"Lost"
"Row562","Dust II",5,16,17,5,11,1,50,"Win"
"Row563","Dust II",16,3,15,1,9,5,36,"Win"
"Row564","Dust II",10,7,12,4,11,2,30,"Win"
"Row565","Dust II",16,8,5,4,16,1,21,"Lost"
"Row566","Dust II",16,14,17,5,24,2,44,"Lost"
"Row567","Dust II",6,16,7,6,20,1,20,"Lost"
"Row568","Dust II",4,16,10,2,18,1,26,"Lost"
"Row569","Dust II",16,4,15,6,20,1,37,"Lost"
"Row570","Dust II",16,12,16,3,18,2,41,"Win"
"Row571","Dust II",8,16,9,6,15,1,31,"Win"
"Row572","Dust II",16,14,23,7,22,2,55,"Lost"
"Row573","Dust II",16,6,9,3,21,0,24,"Lost"
"Row574","Mirage",6,16,13,6,15,1,35,"Win"
"Row575","Overpass",9,16,12,4,21,1,30,"Lost"
"Row576","Dust II",15,15,14,7,22,3,43,"Tie"
"Row577","Dust II",16,12,18,2,17,1,55,"Lost"
"Row578","Cache",5,13,8,3,5,2,23,"Win"
"Row579","Dust II",10,16,1,0,4,0,3,"Lost"
"Row580","Canals",16,9,15,12,18,1,50,"Win"
"Row581","Dust II",16,6,14,2,17,2,35,"Lost"
"Row582","Cache",5,16,11,4,10,2,31,"Win"
"Row583","Dust II",16,12,14,9,20,0,43,"Win"
"Row584","Dust II",15,15,17,6,17,1,44,"Tie"
"Row585","Dust II",16,7,11,3,20,1,33,"Lost"
"Row586","Dust II",15,15,11,8,25,2,38,"Tie"
"Row587","Dust II",15,15,20,8,23,5,58,"Tie"
"Row588","Dust II",6,16,8,3,19,0,19,"Lost"
"Row589","Dust II",6,16,15,4,17,3,38,"Lost"
"Row590","Dust II",0,11,7,1,9,0,15,"Lost"
"Row591","Mirage",6,16,7,3,12,1,17,"Win"
"Row592","Dust II",6,16,10,2,19,1,31,"Lost"
"Row593","Dust II",4,16,8,4,18,1,20,"Lost"
"Row594","Dust II",16,9,12,6,21,1,36,"Win"
"Row595","Dust II",13,16,15,14,21,2,50,"Lost"
"Row596","Dust II",16,7,10,0,22,2,25,"Lost"
"Row597","Dust II",16,9,18,3,21,2,50,"Lost"
"Row598","Dust II",16,2,26,2,10,6,58,"Win"
"Row599","Dust II",7,16,15,4,16,3,40,"Win"
"Row600","Dust II",12,16,13,5,21,1,38,"Lost"
"Row601","Cache",16,14,12,3,11,3,29,"Win"
"Row602","Mirage",6,16,9,7,20,0,27,"Lost"
"Row603","Mirage",16,8,20,5,14,3,53,"Win"
"Row604","Mirage",4,16,7,4,18,0,18,"Lost"
"Row605","Cache",8,16,6,12,22,1,32,"Lost"
"Row606","Dust II",16,10,16,3,24,0,37,"Win"
"Row607","Inferno",16,4,13,4,19,0,37,"Lost"
"Row608","Dust II",2,16,10,2,9,0,25,"Win"
"Row609","Mirage",16,14,29,5,23,5,81,"Lost"
"Row610","Mirage",14,16,16,8,19,1,51,"Win"
"Row611","Dust II",16,2,1,2,0,0,4,"Win"
"Row612","Dust II",9,16,11,9,19,1,34,"Lost"
"Row613","Cobblestone",12,16,16,5,21,4,48,"Win"
"Row614","Mirage",16,8,6,0,7,2,15,"Win"
"Row615","Dust II",16,4,11,4,16,0,28,"Lost"
"Row616","Mirage",16,7,5,0,10,0,13,"Lost"
"Row617","Mirage",16,9,15,3,20,3,36,"Win"
"Row618","Cache",16,10,19,2,18,3,48,"Win"
"Row619","Mirage",16,2,5,4,10,1,22,"Win"
"Row620","Mirage",16,7,17,5,14,2,47,"Win"
"Row621","Dust II",16,8,19,5,17,2,47,"Win"
"Row622","Dust II",16,13,16,4,21,3,40,"Lost"
"Row623","Dust II",16,13,20,5,23,2,54,"Lost"
"Row624","Inferno",16,7,13,5,16,3,36,"Win"
"Row625","Mirage",1,11,7,2,4,1,25,"Win"
"Row626","Overpass",16,2,13,0,16,1,28,"Lost"
"Row627","Cache",16,13,26,7,21,2,66,"Win"
"Row628","Cache",16,8,26,5,16,3,68,"Lost"
"Row629","Nuke",16,11,4,2,4,0,10,"Win"
"Row630","Inferno",13,16,14,6,16,3,38,"Lost"
"Row631","Dust II",16,13,12,4,21,1,29,"Lost"
"Row632","Mirage",16,8,16,4,17,3,45,"Lost"
"Row633","Mirage",16,6,17,3,18,3,48,"Lost"
"Row634","Mirage",15,15,32,7,25,5,82,"Tie"
"Row635","Mirage",4,16,24,3,8,4,64,"Win"
"Row636","Inferno",1,16,8,7,8,0,28,"Win"
"Row637","Mirage",3,11,11,2,7,2,32,"Win"
"Row638","Mirage",14,16,18,4,20,2,53,"Lost"
"Row639","Mirage",16,3,16,7,10,4,42,"Win"
"Row640","Mirage",11,16,19,8,20,2,52,"Lost"
"Row641","Dust II",1,10,3,1,9,0,7,"Lost"
"Row642","Mirage",16,14,21,7,25,5,68,"Lost"
"Row643","Dust II",12,16,18,4,23,4,44,"Win"
"Row644","Mirage",16,11,24,2,16,2,63,"Win"
"Row645","Mirage",16,11,27,6,17,2,66,"Win"
"Row646","Dust II",2,16,10,1,17,0,21,"Lost"
"Row647","Dust II",16,7,15,3,17,3,44,"Lost"
"Row648","Mirage",5,16,11,4,19,1,26,"Lost"
"Row649","Inferno",9,16,21,10,20,3,60,"Win"
"Row650","Dust II",16,7,12,1,22,2,25,"Lost"
"Row651","Dust II",10,4,15,3,10,3,33,"Win"
"Row652","Dust II",9,16,11,5,23,1,29,"Lost"
"Row653","Mirage",16,3,13,3,11,1,32,"Win"
"Row654","Mirage",1,16,12,1,9,2,30,"Win"
"Row655","Dust II",16,9,9,2,16,1,28,"Win"
"Row656","Inferno",16,11,10,4,22,0,30,"Lost"
"Row657","Mirage",15,15,23,4,22,2,64,"Tie"
"Row658","Mirage",6,16,9,3,18,1,23,"Lost"
"Row659","Cobblestone",16,7,7,5,15,2,23,"Win"
"Row660","Mirage",16,6,11,1,8,0,29,"Win"
"Row661","Inferno",2,16,12,3,17,0,29,"Lost"
"Row662","Mirage",16,4,11,3,9,1,28,"Win"
"Row663","Cache",16,5,10,4,17,0,31,"Lost"
"Row664","Inferno",15,15,21,3,19,2,54,"Tie"
"Row665","Mirage",12,16,13,2,19,4,42,"Win"
"Row666","Mirage",10,16,16,2,24,1,40,"Lost"
"Row667","Mirage",16,8,15,3,16,1,40,"Win"
"Row668","Dust II",15,15,22,4,23,0,55,"Tie"
"Row669","Mirage",15,15,11,5,21,3,36,"Tie"
"Row670","Inferno",5,16,12,2,14,2,36,"Win"
"Row671","Inferno",3,16,3,0,2,0,11,"Win"
"Row672","Inferno",13,16,16,5,21,0,46,"Lost"
"Row673","Mirage",16,5,13,5,10,1,35,"Win"
"Row674","Mirage",16,11,19,4,15,2,58,"Win"
"Row675","Mirage",16,12,21,4,19,3,54,"Win"
"Row676","Mirage",16,10,16,1,18,5,47,"Win"
"Row677","Dust II",16,9,12,4,20,2,33,"Lost"
"Row678","Mirage",16,8,12,2,20,2,35,"Lost"
"Row679","Dust II",5,16,10,6,13,4,40,"Win"
"Row680","Inferno",8,16,17,1,20,2,37,"Lost"
"Row681","Mirage",11,16,17,4,23,1,53,"Lost"
"Row682","Dust II",12,16,14,6,23,2,40,"Lost"
"Row683","Mirage",16,7,6,3,18,1,24,"Lost"
"Row684","Mirage",16,10,13,7,22,3,41,"Lost"
"Row685","Dust II",16,9,16,5,20,2,48,"Lost"
"Row686","Dust II",8,16,14,3,17,2,33,"Win"
"Row687","Mirage",16,8,22,6,13,6,63,"Win"
"Row688","Dust II",16,8,16,3,13,2,43,"Win"
"Row689","Dust II",15,15,17,8,20,1,51,"Tie"
"Row690","Mirage",15,15,13,3,23,1,40,"Tie"
"Row691","Inferno",2,16,12,0,18,0,24,"Lost"
"Row692","Mirage",16,5,4,0,18,0,10,"Lost"
"Row693","Mirage",16,6,14,6,12,0,39,"Win"
"Row694","Mirage",3,16,6,2,17,0,14,"Lost"
"Row695","Dust II",3,16,9,5,19,0,23,"Lost"
"Row696","Inferno",16,0,7,4,16,0,22,"Lost"
"Row697","Cobblestone",12,16,12,5,20,2,35,"Win"
"Row698","Mirage",16,14,7,6,22,0,26,"Win"
"Row699","Mirage",9,16,12,3,20,1,29,"Lost"
"Row700","Mirage",11,16,20,3,19,1,48,"Lost"
"Row701","Mirage",12,16,12,4,19,2,45,"Win"
"Row702","Mirage",9,16,9,5,20,0,29,"Win"
"Row703","Inferno",16,9,1,1,3,0,3,"Lost"
"Row704","Dust II",2,16,8,5,12,2,28,"Win"
"Row705","Dust II",6,16,13,1,15,1,33,"Win"
"Row706","Dust II",0,16,13,10,8,2,36,"Win"
"Row707","Inferno",16,3,11,4,11,1,27,"Win"
"Row708","Mirage",16,10,17,5,16,2,47,"Win"
"Row709","Inferno",15,15,11,8,23,0,30,"Tie"
"Row710","Inferno",16,5,3,0,6,0,7,"Win"
"Row711","Inferno",14,16,16,2,18,2,41,"Lost"
"Row712","Mirage",14,16,18,5,21,1,44,"Win"
"Row713","Mirage",12,16,13,3,21,1,42,"Win"
"Row714","Inferno",5,16,13,3,15,3,34,"Win"
"Row715","Inferno",16,3,11,1,13,1,25,"Win"
"Row716","Inferno",16,1,15,5,9,4,37,"Win"
"Row717","Inferno",16,1,1,1,6,0,3,"Lost"
"Row718","Inferno",16,9,10,2,17,1,24,"Win"
"Row719","Inferno",16,12,18,5,16,0,42,"Win"
"Row720","Dust II",13,16,17,6,22,2,43,"Win"
"Row721","Mirage",3,16,18,5,9,5,45,"Win"
"Row722","Inferno",15,15,19,2,23,2,45,"Tie"
"Row723","Mirage",9,16,14,5,20,1,41,"Lost"
"Row724","Inferno",16,13,17,3,18,5,45,"Win"
"Row725","Cobblestone",16,12,8,1,18,0,23,"Win"
"Row726","Mirage",6,16,14,2,13,1,41,"Win"
"Row727","Mirage",16,3,7,5,9,0,26,"Win"
"Row728","Mirage",16,4,5,4,18,0,20,"Lost"
"Row729","Mirage",15,15,30,5,19,4,75,"Tie"
"Row730","Dust II",4,16,6,4,18,2,22,"Lost"
"Row731","Inferno",15,15,9,4,23,2,27,"Tie"
"Row732","Inferno",16,3,7,8,12,1,25,"Win"
"Row733","Mirage",16,2,6,2,18,0,18,"Lost"
"Row734","Inferno",7,16,10,2,15,1,26,"Win"
"Row735","Inferno",16,12,15,4,21,1,36,"Lost"
"Row736","Inferno",16,12,13,6,21,2,39,"Win"
"Row737","Mirage",7,16,17,5,18,2,49,"Win"
"Row738","Dust II",16,9,12,6,19,3,39,"Lost"
"Row739","Inferno",16,4,10,0,17,0,23,"Lost"
"Row740","Dust II",16,6,15,3,10,3,40,"Win"
"Row741","Mirage",9,16,8,4,16,0,28,"Win"
"Row742","Dust II",16,4,10,4,11,3,28,"Win"
"Row743","Mirage",16,5,9,3,17,2,25,"Lost"
"Row744","Dust II",16,8,22,5,13,2,52,"Win"
"Row745","Inferno",15,15,14,6,25,0,37,"Tie"
"Row746","Mirage",2,16,1,2,10,0,4,"Lost"
"Row747","Inferno",16,10,11,9,18,2,35,"Win"
"Row748","Mirage",7,16,20,2,19,1,50,"Lost"
"Row749","Dust II",8,16,19,4,14,7,51,"Win"
"Row750","Cache",16,3,15,5,6,2,38,"Win"
"Row751","Cobblestone",11,16,21,3,22,3,54,"Lost"
"Row752","Dust II",3,16,22,2,10,2,51,"Win"
"Row753","Inferno",16,6,10,4,13,1,27,"Win"
"Row754","Inferno",16,11,17,5,23,2,45,"Lost"
"Row755","Mirage",8,16,16,1,14,4,47,"Win"
"Row756","Inferno",9,16,10,2,12,1,33,"Win"
"Row757","Dust II",15,15,13,4,25,1,39,"Tie"
"Row758","Mirage",16,4,11,1,20,0,27,"Lost"
"Row759","Mirage",3,16,16,2,9,3,49,"Win"
"Row760","Inferno",16,11,16,4,23,1,42,"Lost"
"Row761","Dust II",7,16,15,2,18,0,32,"Lost"
"Row762","Mirage",16,1,5,5,17,0,15,"Lost"
"Row763","Mirage",5,16,5,2,17,0,12,"Lost"
"Row764","Mirage",16,7,8,4,16,2,28,"Win"
"Row765","Mirage",16,8,16,2,18,1,43,"Lost"
"Row766","Mirage",16,6,9,0,8,0,21,"Win"
"Row767","Mirage",15,15,21,1,22,3,48,"Tie"
"Row768","Mirage",12,16,11,3,25,1,29,"Lost"
"Row769","Mirage",14,16,27,6,20,2,71,"Lost"
"Row770","Cobblestone",16,13,16,1,23,3,40,"Lost"
"Row771","Mirage",16,7,11,2,13,2,28,"Win"
"Row772","Dust II",11,16,12,0,21,2,33,"Lost"
"Row773","Mirage",16,11,11,3,25,1,31,"Lost"
"Row774","Cache",11,16,11,4,17,0,36,"Win"
"Row775","Dust II",11,13,6,5,15,1,19,"Lost"
"Row776","Mirage",16,6,6,2,17,1,27,"Lost"
"Row777","Cache",15,15,13,3,24,1,40,"Tie"
"Row778","Inferno",15,15,16,5,25,0,41,"Tie"
"Row779","Cobblestone",16,12,18,4,21,1,46,"Win"
"Row780","Mirage",15,15,19,3,23,2,48,"Tie"
"Row781","Dust II",16,10,7,5,22,0,22,"Lost"
"Row782","Inferno",1,16,12,1,16,0,25,"Lost"
"Row783","Inferno",7,16,16,1,15,2,35,"Lost"
"Row784","Dust II",11,16,10,5,23,1,27,"Lost"
"Row785","Mirage",15,15,19,2,20,1,47,"Tie"
"Row786","Inferno",16,7,17,3,17,2,45,"Win"
"Row787","Italy",16,4,7,4,17,0,22,"Lost"
"Row788","Inferno",12,16,31,5,16,4,71,"Win"
"Row789","Inferno",15,15,20,5,20,2,53,"Tie"
"Row790","Cobblestone",16,11,20,3,20,1,47,"Lost"
"Row791","Dust II",16,8,17,2,14,0,45,"Win"
"Row792","Inferno",16,10,11,3,20,0,27,"Lost"
"Row793","Inferno",10,16,14,5,22,1,35,"Lost"
"Row794","Dust II",16,12,19,6,24,3,59,"Lost"
"Row795","Dust II",2,16,15,5,11,2,42,"Win"
"Row796","Dust II",13,16,10,2,21,3,26,"Win"
"Row797","Mirage",15,15,22,4,22,4,61,"Tie"
"Row798","Mirage",4,16,5,5,17,0,16,"Lost"
"Row799","Mirage",14,16,15,6,23,1,45,"Lost"
"Row800","Mirage",9,16,12,2,20,1,33,"Lost"
"Row801","Dust II",16,3,14,2,17,1,36,"Lost"
"Row802","Dust II",16,9,16,4,20,2,46,"Lost"
"Row803","Dust II",15,15,11,6,20,1,37,"Tie"
"Row804","Mirage",10,16,21,2,15,3,49,"Win"
"Row805","Mirage",9,16,13,5,19,1,33,"Lost"
"Row806","Dust II",16,1,13,5,8,1,33,"Win"
"Row807","Dust II",16,6,14,3,19,1,39,"Lost"
"Row808","Dust II",16,9,11,5,14,1,29,"Win"
"Row809","Dust II",15,15,18,3,23,1,49,"Tie"
"Row810","Mirage",3,16,11,6,8,1,39,"Win"
"Row811","Dust II",16,12,13,6,22,1,35,"Win"
"Row812","Dust II",13,16,8,8,22,2,30,"Lost"
"Row813","Mirage",4,16,3,1,9,0,7,"Lost"
"Row814","Dust II",6,16,16,4,13,3,41,"Win"
"Row815","Dust II",16,4,15,4,12,3,35,"Win"
"Row816","Dust II",16,11,20,4,17,1,49,"Win"
"Row817","Mirage",16,11,19,6,21,3,49,"Lost"
"Row818","Mirage",16,5,9,1,17,0,28,"Lost"
"Row819","Mirage",16,5,20,4,10,4,50,"Win"
"Row820","Mirage",16,12,20,5,20,4,52,"Win"
"Row821","Dust II",9,16,18,4,17,1,49,"Win"
"Row822","Inferno",12,16,19,3,19,3,48,"Win"
"Row823","Inferno",2,16,5,2,16,0,12,"Lost"
"Row824","Dust II",16,4,12,7,14,2,33,"Win"
"Row825","Dust II",16,9,28,4,18,4,62,"Win"
"Row826","Dust II",13,16,12,3,22,0,32,"Lost"
"Row827","Dust II",11,16,14,1,18,0,34,"Lost"
"Row828","Mirage",14,16,12,5,23,1,36,"Lost"
"Row829","Dust II",16,8,25,4,16,1,56,"Win"
"Row830","Dust II",16,10,17,4,16,1,50,"Win"
"Row831","Mirage",6,16,18,5,12,3,52,"Win"
"Row832","Mirage",16,9,19,4,17,3,47,"Win"
"Row833","Dust II",2,16,12,1,17,1,26,"Lost"
"Row834","Dust II",16,4,12,2,17,3,33,"Lost"
"Row835","Mirage",16,8,14,1,19,1,35,"Lost"
"Row836","Dust II",8,16,10,2,19,1,26,"Lost"
"Row837","Overpass",16,9,19,3,18,3,46,"Lost"
"Row838","Mirage",16,12,26,3,19,6,67,"Win"
"Row839","Dust II",16,5,9,3,18,1,28,"Lost"
"Row840","Cache",16,8,7,1,21,2,23,"Lost"
"Row841","Dust II",16,9,16,6,17,3,44,"Win"
"Row842","Dust II",0,16,7,0,16,0,14,"Lost"
"Row843","Mirage",5,16,8,3,14,0,19,"Lost"
"Row844","Mirage",9,16,19,3,16,2,47,"Win"
"Row845","Dust II",14,16,15,5,22,1,42,"Lost"
"Row846","Inferno",16,13,21,8,23,2,50,"Win"
"Row847","Mirage",12,16,17,10,23,1,52,"Win"
"Row848","Mirage",1,16,7,0,17,0,14,"Lost"
"Row849","Dust II",16,3,13,1,5,3,33,"Win"
"Row850","Mirage",6,16,10,4,18,2,29,"Lost"
"Row851","Inferno",16,7,15,4,14,2,36,"Win"
"Row852","Inferno",16,5,14,4,13,2,44,"Win"
"Row853","Inferno",16,13,21,3,16,3,52,"Win"
"Row854","Mirage",16,14,22,3,19,5,68,"Win"
"Row855","Dust II",14,16,13,7,22,1,44,"Lost"
"Row856","Overpass",9,16,13,9,21,0,43,"Lost"
"Row857","Mirage",16,1,6,3,17,0,19,"Lost"
"Row858","Mirage",16,11,21,7,21,3,53,"Lost"
"Row859","Dust II",16,2,13,5,10,1,33,"Win"
"Row860","Dust II",11,16,20,6,20,1,48,"Win"
"Row861","Dust II",9,16,9,1,8,2,21,"Lost"
"Row862","Cobblestone",15,15,27,1,21,4,64,"Tie"
"Row863","Dust II",16,6,17,3,14,1,37,"Win"
"Row864","Inferno",16,11,15,7,17,3,43,"Win"
"Row865","Inferno",14,16,14,5,22,1,36,"Lost"
"Row866","Nuke",11,16,14,8,23,3,43,"Lost"
"Row867","Inferno",16,6,0,0,1,0,0,"Lost"
"Row868","Inferno",13,16,12,4,22,1,34,"Lost"
"Row869","Cache",16,9,30,6,16,4,76,"Win"
"Row870","Mirage",9,16,13,7,20,1,35,"Lost"
"Row871","Inferno",16,12,11,5,21,0,27,"Win"
"Row872","Mirage",16,9,14,2,20,1,36,"Lost"
"Row873","Overpass",8,16,17,1,18,1,40,"Lost"
"Row874","Dust II",16,13,19,4,18,0,51,"Lost"
"Row875","Dust II",16,4,12,2,17,1,26,"Lost"
"Row876","Mirage",6,13,9,5,15,2,25,"Lost"
"Row877","Dust II",16,4,11,0,13,3,24,"Win"
"Row878","Dust II",3,16,9,3,18,0,21,"Lost"
"Row879","Mirage",4,16,12,2,12,3,36,"Win"
"Row880","Dust II",12,16,17,4,19,1,40,"Win"
"Row881","Dust II",9,16,26,6,16,6,71,"Win"
"Row882","Mirage",12,16,24,3,20,2,62,"Lost"
"Row883","Mirage",16,7,5,0,15,1,15,"Lost"
"Row884","Mirage",12,16,12,7,19,2,34,"Lost"
"Row885","Dust II",7,16,14,8,16,1,42,"Win"
"Row886","Mirage",4,16,12,4,16,1,35,"Lost"
"Row887","Inferno",16,9,25,3,22,3,58,"Lost"
"Row888","Dust II",16,5,22,10,11,3,58,"Win"
"Row889","Cache",14,16,13,4,22,2,45,"Win"
"Row890","Inferno",13,16,18,4,15,2,47,"Win"
"Row891","Dust II",16,12,17,2,13,3,47,"Lost"
"Row892","Dust II",6,16,8,5,20,0,21,"Lost"
"Row893","Dust II",16,8,11,8,17,3,39,"Win"
"Row894","Mirage",11,16,25,5,15,2,68,"Win"
"Row895","Dust II",9,16,17,6,19,1,45,"Lost"
"Row896","Mirage",12,16,11,4,18,2,32,"Lost"
"Row897","Dust II",7,16,25,3,13,4,62,"Win"
"Row898","Inferno",16,2,15,2,10,4,32,"Win"
"Row899","Mirage",14,16,13,10,19,2,46,"Lost"
"Row900","Dust II",4,16,19,4,10,4,48,"Win"
"Row901","Dust II",16,5,8,2,19,0,22,"Lost"
"Row902","Inferno",16,6,11,7,11,0,33,"Win"
"Row903","Nuke",16,9,7,4,22,0,18,"Lost"
"Row904","Cache",5,16,10,4,12,1,34,"Win"
"Row905","Dust II",16,6,10,2,13,0,31,"Lost"
"Row906","Mirage",5,16,11,2,11,1,34,"Win"
"Row907","Cache",16,6,10,1,18,2,23,"Lost"
"Row908","Mirage",5,16,7,3,18,0,21,"Lost"
"Row909","Dust II",9,16,12,5,20,2,31,"Lost"
"Row910","Dust II",10,16,14,8,18,2,43,"Lost"
"Row911","Overpass",2,16,10,4,16,2,29,"Lost"
"Row912","Nuke",16,13,12,5,25,0,32,"Lost"
"Row913","Dust II",16,14,16,5,25,2,42,"Lost"
"Row914","Dust II",15,15,13,7,22,1,45,"Tie"
"Row915","Inferno",12,16,24,9,22,3,61,"Lost"
"Row916","Mirage",2,16,22,4,10,3,52,"Win"
"Row917","Dust II",12,16,30,5,18,6,71,"Win"
"Row918","Cache",10,16,21,5,20,4,53,"Lost"
"Row919","Dust II",9,16,19,6,14,2,51,"Win"
"Row920","Inferno",2,10,11,2,9,2,24,"Lost"
"Row921","Inferno",16,4,13,3,12,3,31,"Win"
"Row922","Inferno",16,11,18,3,24,1,43,"Lost"
"Row923","Mirage",16,13,14,5,24,3,43,"Lost"
"Row924","Dust II",6,16,17,1,13,2,46,"Win"
"Row925","Inferno",6,16,5,3,14,0,19,"Win"
"Row926","Inferno",16,5,15,6,19,2,37,"Lost"
"Row927","Inferno",12,16,24,3,22,5,59,"Lost"
"Row928","Inferno",9,16,23,4,17,4,61,"Lost"
"Row929","Inferno",16,13,20,14,21,2,62,"Win"
"Row930","Inferno",16,11,15,8,18,2,38,"Win"
"Row931","Inferno",10,16,10,9,18,1,29,"Lost"
"Row932","Inferno",16,10,15,4,20,2,43,"Lost"
"Row933","Inferno",16,12,24,2,17,4,55,"Win"
"Row934","Dust II",16,9,13,3,20,2,36,"Win"
"Row935","Dust II",16,9,13,1,17,1,29,"Win"
"Row936","Dust II",16,9,7,2,10,0,30,"Lost"
"Row937","Dust II",16,10,19,4,18,3,56,"Win"
"Row938","Inferno",14,16,28,7,22,4,72,"Win"
"Row939","Inferno",3,16,7,2,16,0,18,"Lost"
"Row940","Dust II",16,14,19,4,21,3,50,"Win"
"Row941","Mirage",13,16,15,6,23,0,39,"Lost"
"Row942","Dust II",16,8,7,7,16,1,31,"Win"
"Row943","Dust II",5,16,14,3,12,2,42,"Win"
"Row944","Cache",13,16,13,4,21,2,39,"Lost"
"Row945","Dust II",7,16,7,0,14,2,24,"Win"
"Row946","Mirage",16,14,9,6,22,1,33,"Win"
"Row947","Dust II",10,16,19,2,11,2,56,"Win"
"Row948","Dust II",16,10,13,8,19,4,46,"Lost"
"Row949","Inferno",4,16,14,5,18,1,38,"Lost"
"Row950","Inferno",9,16,11,2,21,1,24,"Lost"
"Row951","Dust II",16,5,6,3,16,0,19,"Lost"
"Row952","Dust II",1,16,7,2,17,1,16,"Lost"
"Row953","Mirage",16,13,15,6,26,0,40,"Lost"
"Row954","Mirage",16,3,13,1,17,1,36,"Lost"
"Row955","Inferno",13,16,13,10,21,3,42,"Win"
"Row956","Dust II",7,16,13,3,17,1,31,"Lost"
"Row957","Dust II",6,16,9,4,18,1,22,"Lost"
"Row958","Mirage",16,7,12,4,18,0,33,"Lost"
"Row959","Dust II",16,7,15,7,15,2,43,"Win"
"Row960","Inferno",2,10,7,0,5,2,27,"Win"
"Row961","Dust II",15,15,9,4,23,0,28,"Tie"
"Row962","Dust II",5,16,11,3,15,2,38,"Win"
"Row963","Dust II",16,10,12,5,17,1,35,"Win"
"Row964","Dust II",16,14,14,3,24,0,34,"Lost"
"Row965","Mirage",16,12,6,5,21,0,24,"Lost"
"Row966","Mirage",16,7,13,6,16,1,33,"Win"
"Row967","Dust II",16,8,9,5,17,1,31,"Win"
"Row968","Dust II",15,15,28,4,19,3,74,"Tie"
"Row969","Dust II",6,16,19,6,14,4,59,"Win"
"Row970","Dust II",16,5,12,5,12,1,34,"Win"
"Row971","Dust II",9,16,18,3,19,2,48,"Lost"
"Row972","Mirage",12,16,18,3,19,2,53,"Lost"
"Row973","Dust II",16,2,15,5,16,0,41,"Lost"
"Row974","Inferno",16,9,19,6,21,2,50,"Lost"
"Row975","Dust II",2,16,11,2,8,1,32,"Win"
"Row976","Cache",9,16,9,3,14,1,22,"Lost"
"Row977","Dust II",14,16,15,2,24,2,35,"Lost"
"Row978","Dust II",16,1,17,4,8,3,39,"Win"
"Row979","Dust II",16,7,26,7,16,3,67,"Win"
"Row980","Dust II",16,2,10,3,18,0,28,"Lost"
"Row981","Dust II",16,14,13,4,22,1,33,"Lost"
"Row982","Mirage",16,5,21,6,15,1,52,"Win"
"Row983","Dust II",16,11,23,10,16,3,60,"Win"
"Row984","Dust II",16,9,22,4,16,2,51,"Win"
"Row985","Inferno",8,16,17,6,16,4,47,"Win"
"Row986","Cache",16,10,14,5,17,1,39,"Win"
"Row987","Mirage",3,16,10,4,18,1,26,"Lost"
"Row988","Dust II",6,16,17,5,13,1,51,"Win"
"Row989","Cache",12,16,0,0,5,0,0,"Win"
"Row990","Cache",9,16,18,3,23,1,41,"Lost"
"Row991","Dust II",16,12,26,8,17,2,70,"Lost"
"Row992","Cache",16,11,16,5,19,1,41,"Win"
"Row993","Mirage",12,16,10,6,18,3,36,"Win"
"Row994","Inferno",15,15,20,5,21,2,49,"Tie"
"Row995","Inferno",16,0,7,4,16,0,18,"Lost"
"Row996","Cache",12,16,27,4,19,8,80,"Lost"
"Row997","Mirage",16,9,13,7,22,0,40,"Lost"
"Row998","Dust II",16,4,10,1,17,0,24,"Lost"
"Row999","Dust II",12,16,24,8,22,3,61,"Win"
"Row1000","Dust II",7,16,14,3,20,2,31,"Lost"
"Row1001","Dust II",16,4,7,3,17,1,24,"Lost"
"Row1002","Dust II",13,16,21,6,23,3,61,"Win"
"Row1003","Mirage",16,5,16,3,16,2,40,"Lost"
"Row1004","Mirage",16,3,13,1,16,2,30,"Lost"
"Row1005","Mirage",5,16,10,7,13,1,35,"Win"
"Row1006","Dust II",15,15,18,6,22,3,53,"Tie"
"Row1007","Overpass",16,11,16,4,15,2,41,"Win"
"Row1008","Overpass",16,2,8,2,18,0,20,"Lost"
"Row1009","Dust II",16,12,20,4,19,3,51,"Win"
"Row1010","Mirage",16,11,14,8,20,4,47,"Lost"
"Row1011","Mirage",16,5,14,3,18,1,36,"Lost"
"Row1012","Cache",10,16,21,6,19,3,58,"Lost"
"Row1013","Inferno",12,16,22,12,21,3,64,"Win"
"Row1014","Mirage",16,6,15,6,10,3,46,"Win"
"Row1015","Dust II",16,6,17,2,17,1,44,"Lost"
"Row1016","Mirage",5,16,20,8,9,7,60,"Win"
"Row1017","Dust II",16,7,17,5,18,4,48,"Lost"
"Row1018","Inferno",15,15,22,1,18,4,53,"Tie"
"Row1019","Mirage",16,13,25,7,18,3,63,"Win"
"Row1020","Mirage",16,12,20,4,22,2,48,"Lost"
"Row1021","Inferno",11,16,10,3,21,0,23,"Lost"
"Row1022","Mirage",14,16,14,10,24,0,45,"Lost"
"Row1023","Mirage",12,16,13,6,22,2,41,"Win"
"Row1024","Inferno",4,13,11,2,9,1,29,"Win"
"Row1025","Mirage",16,7,18,5,19,2,47,"Lost"
"Row1026","Mirage",9,16,9,6,21,0,27,"Lost"
"Row1027","Mirage",11,16,17,4,17,4,47,"Win"
"Row1028","Mirage",6,16,11,6,19,3,31,"Lost"
"Row1029","Dust II",4,13,11,4,6,2,46,"Win"
"Row1030","Mirage",16,12,10,8,23,2,33,"Lost"
"Row1031","Cache",5,16,11,4,18,2,29,"Lost"
"Row1032","Dust II",5,16,2,3,7,0,7,"Lost"
"Row1033","Inferno",16,14,22,7,22,3,55,"Win"
"Row1034","Mirage",15,15,29,3,22,3,70,"Tie"
"Row1035","Mirage",15,15,15,5,22,1,41,"Tie"
"Row1036","Mirage",12,16,15,5,18,1,39,"Lost"
"Row1037","Inferno",16,6,20,5,14,3,51,"Win"
"Row1038","Inferno",16,7,24,2,10,6,57,"Win"
"Row1039","Mirage",13,16,24,8,20,6,60,"Win"
"Row1040","Inferno",10,16,15,3,17,1,40,"Win"
"Row1041","Mirage",16,2,17,3,7,1,38,"Win"
"Row1042","Mirage",16,13,18,5,22,1,52,"Lost"
"Row1043","Inferno",5,16,10,2,17,1,24,"Lost"
"Row1044","Mirage",3,16,14,3,17,0,33,"Lost"
"Row1045","Mirage",16,11,26,4,14,4,64,"Win"
"Row1046","Mirage",16,2,0,1,7,0,1,"Lost"
"Row1047","Inferno",16,4,13,8,8,2,38,"Win"
"Row1048","Inferno",13,16,21,5,17,4,53,"Lost"
"Row1049","Mirage",16,8,14,1,21,2,34,"Lost"
"Row1050","Inferno",6,16,11,10,13,1,42,"Win"
"Row1051","Inferno",10,16,22,6,17,5,64,"Win"
"Row1052","Dust II",5,16,9,7,16,3,37,"Win"
"Row1053","Dust II",10,0,9,1,1,2,19,"Win"
"Row1054","Mirage",9,16,14,9,18,3,41,"Lost"
"Row1055","Mirage",15,15,19,6,17,2,55,"Tie"
"Row1056","Mirage",2,16,9,5,6,2,35,"Win"
"Row1057","Inferno",6,16,11,2,16,1,24,"Lost"
"Row1058","Mirage",13,16,15,6,19,1,49,"Win"
"Row1059","Mirage",16,9,21,3,15,3,56,"Win"
"Row1060","Inferno",16,4,13,2,13,3,32,"Win"
"Row1061","Mirage",16,10,16,7,15,2,47,"Win"
"Row1062","Mirage",16,13,17,3,20,1,48,"Lost"
"Row1063","Mirage",16,14,23,7,21,4,57,"Lost"
"Row1064","Inferno",12,16,18,6,20,2,46,"Lost"
"Row1065","Inferno",2,16,16,2,9,2,44,"Win"
"Row1066","Inferno",2,16,6,4,17,1,16,"Lost"
"Row1067","Mirage",16,4,10,4,20,0,26,"Lost"
"Row1068","Dust II",11,16,26,5,21,4,62,"Win"
"Row1069","Dust II",16,13,22,5,21,1,54,"Win"
"Row1070","Inferno",16,4,16,11,7,3,44,"Win"
"Row1071","Dust II",4,16,8,5,18,1,25,"Lost"
"Row1072","Mirage",5,16,9,1,20,0,19,"Lost"
"Row1073","Mirage",10,16,19,2,16,3,49,"Win"
"Row1074","Inferno",16,4,13,7,8,0,39,"Win"
"Row1075","Mirage",5,16,14,2,12,1,36,"Win"
"Row1076","Inferno",16,8,23,5,11,2,53,"Win"
"Row1077","Inferno",8,16,16,3,19,1,35,"Lost"
"Row1078","Dust II",10,16,14,6,17,2,43,"Win"
"Row1079","Inferno",16,10,27,3,13,7,69,"Win"
"Row1080","Mirage",14,16,22,8,22,1,57,"Lost"
"Row1081","Mirage",16,6,15,1,9,2,39,"Win"
"Row1082","Inferno",16,10,13,4,15,0,30,"Win"
"Row1083","Inferno",11,16,20,10,17,1,64,"Win"
"Row1084","Dust II",1,16,13,4,16,0,30,"Lost"
"Row1085","Mirage",11,16,21,1,18,1,50,"Lost"
"Row1086","Inferno",14,16,25,6,22,3,63,"Lost"
"Row1087","Dust II",16,13,20,7,22,2,54,"Lost"
"Row1088","Mirage",16,1,5,1,16,1,11,"Lost"
"Row1089","Dust II",16,3,7,3,18,1,24,"Lost"
"Row1090","Inferno",10,16,12,6,20,0,32,"Lost"
"Row1091","Overpass",16,2,17,5,8,3,51,"Win"
"Row1092","Mirage",16,7,12,8,12,2,44,"Win"
"Row1093","Mirage",10,16,14,2,20,2,37,"Lost"
"Row1094","Mirage",16,13,18,4,19,0,45,"Win"
"Row1095","Mirage",16,3,12,4,17,0,36,"Lost"
"Row1096","Inferno",16,8,16,1,22,0,35,"Lost"
"Row1097","Dust II",9,16,20,6,18,4,53,"Win"
"Row1098","Dust II",16,9,21,4,12,2,54,"Win"
"Row1099","Mirage",15,15,20,7,23,4,48,"Tie"
"Row1100","Inferno",16,6,11,4,16,3,34,"Lost"
"Row1101","Mirage",7,16,15,2,20,1,32,"Lost"
"Row1102","Dust II",16,11,15,5,20,2,38,"Lost"
"Row1103","Mirage",16,9,16,4,22,1,45,"Lost"
"Row1104","Inferno",10,16,11,2,12,1,28,"Win"
"Row1105","Inferno",16,8,21,4,17,4,49,"Lost"
"Row1106","Mirage",6,16,16,5,11,5,51,"Win"
"Row1107","Dust II",12,16,13,5,17,0,36,"Win"
"Row1108","Inferno",6,16,7,6,19,1,20,"Lost"
"Row1109","Mirage",8,16,1,2,8,0,4,"Lost"
"Row1110","Dust II",9,16,16,2,13,2,44,"Win"
"Row1111","Inferno",10,16,16,7,23,3,47,"Lost"
"Row1112","Dust II",16,10,13,3,21,2,37,"Lost"
"Row1113","Dust II",8,16,12,4,20,1,32,"Lost"
"Row1114","Dust II",16,9,15,4,17,3,35,"Win"
"Row1115","Mirage",4,16,12,7,17,2,32,"Lost"
"Row1116","Dust II",16,6,18,5,12,1,47,"Win"
"Row1117","Mirage",16,5,10,3,15,2,32,"Lost"
"Row1118","Dust II",11,16,18,4,17,2,42,"Win"
"Row1119","Dust II",9,16,16,7,18,2,42,"Win"
"Row1120","Mirage",16,12,14,9,21,1,41,"Win"
"Row1121","Mirage",9,16,11,4,16,2,33,"Lost"
"Row1122","Dust II",16,5,8,1,19,2,26,"Lost"
"Row1123","Dust II",7,16,12,3,17,1,29,"Lost"
"Row1124","Dust II",16,13,15,7,22,1,42,"Win"
"Row1125","Dust II",12,16,13,1,21,1,28,"Lost"
"Row1126","Dust II",4,16,6,3,15,0,17,"Win"
"Row1127","Dust II",16,4,10,5,12,1,30,"Win"
"Row1128","Dust II",16,4,12,2,20,0,26,"Lost"
"Row1129","Dust II",16,8,19,6,21,2,51,"Lost"
"Row1130","Dust II",11,16,9,3,20,2,30,"Lost"
"Row1131","Dust II",8,16,11,4,20,1,31,"Lost"
"Row1132","Dust II",7,16,6,3,15,1,23,"Win"
