"row ID","Date","Match Time(s)","Map","Team A Rounds","Team B Rounds","Kills","Assists","Deaths","Mvp's","Points","Result"
"Row0","3/8/2018",2906,"Mirage",16,13,17,2,21,2,45,"Win"
"Row1","2/8/2018",2592,"Mirage",16,11,13,4,24,2,40,"Lost"
"Row2","31/7/2018",2731,"Mirage",16,14,15,3,18,3,37,"Win"
"Row3","31/7/2018",2379,"Mirage",11,16,12,2,15,2,30,"Lost"
"Row4","30/7/2018",3467,"Mirage",15,15,33,5,20,5,83,"Tie"
"Row5","29/7/2018",1881,"Mirage",16,4,13,2,17,1,34,"Lost"
"Row6","28/7/2018",3194,"Dust II",16,14,19,5,24,2,52,"Lost"
"Row7","27/7/2018",2859,"Mirage",16,14,17,1,25,0,37,"Lost"
"Row8","27/7/2018",2300,"Mirage",16,8,25,10,12,4,70,"Win"
"Row9","27/7/2018",2184,"Mirage",6,16,13,1,17,0,31,"Lost"
"Row10","27/7/2018",2026,"Dust II",5,16,17,4,12,3,44,"Win"
"Row11","27/7/2018",1844,"Cache",6,16,15,1,12,3,36,"Win"
"Row12","26/7/2018",2336,"Cache",16,11,8,2,18,0,22,"Lost"
"Row13","26/7/2018",2521,"Mirage",13,16,26,6,20,6,71,"Lost"
"Row14","25/7/2018",2731,"Cache",12,16,13,5,22,1,35,"Win"
"Row15","25/7/2018",2574,"Dust II",10,16,17,4,19,3,43,"Win"
"Row16","24/7/2018",1598,"Dust II",3,16,14,4,12,3,36,"Win"
"Row17","24/7/2018",1730,"Mirage",4,16,15,7,13,3,43,"Win"
"Row18","23/7/2018",1500,"Dust II",16,2,13,2,8,1,30,"Win"
"Row19","23/7/2018",2080,"Dust II",16,7,15,3,20,1,43,"Lost"
"Row20","23/7/2018",1862,"Cache",5,16,16,5,12,3,42,"Win"
"Row21","23/7/2018",2443,"Mirage",8,16,19,6,15,2,45,"Win"
"Row22","21/7/2018",2843,"Cache",16,14,11,5,21,4,44,"Lost"
"Row23","15/7/2018",1481,"Mirage",16,3,22,2,7,5,47,"Win"
"Row24","14/7/2018",2491,"Mirage",9,16,10,2,22,2,26,"Lost"
"Row25","13/7/2018",2540,"Mirage",16,13,21,6,18,3,56,"Win"
"Row26","12/7/2018",1605,"Mirage",2,16,12,7,11,2,35,"Win"
"Row27","12/7/2018",2304,"Mirage",10,16,15,6,12,0,39,"Win"
"Row28","10/7/2018",3364,"Mirage",15,15,25,1,20,2,56,"Tie"
"Row29","9/7/2018",2900,"Mirage",16,13,27,5,20,3,65,"Win"
"Row30","9/7/2018",1975,"Mirage",6,16,13,2,17,0,28,"Lost"
"Row31","8/7/2018",1999,"Cache",5,16,16,2,10,2,41,"Win"
"Row32","7/7/2018",2415,"Mirage",9,16,11,1,18,2,25,"Lost"
"Row33","30/6/2018",2713,"Cache",16,11,12,5,23,3,43,"Lost"
"Row34","30/6/2018",1466,"Mirage",2,16,14,3,15,1,31,"Lost"
"Row35","29/6/2018",1477,"Mirage",16,2,11,2,10,1,24,"Win"
"Row36","29/6/2018",2704,"Mirage",12,16,13,3,18,1,30,"Lost"
"Row37","28/6/2018",1669,"Mirage",3,16,24,3,6,6,64,"Win"
"Row38","28/6/2018",2983,"Mirage",15,15,27,3,21,1,64,"Tie"
"Row39","28/6/2018",2338,"Cache",13,16,23,3,7,6,54,"Win"
"Row40","27/6/2018",1435,"Mirage",16,2,6,1,14,0,15,"Lost"
"Row41","26/6/2018",2884,"Mirage",16,14,6,5,14,1,17,"Win"
"Row42","25/6/2018",2623,"Mirage",16,11,10,8,13,1,32,"Lost"
"Row43","24/6/2018",1358,"Mirage",16,0,12,1,4,3,31,"Win"
"Row44","24/6/2018",2366,"Mirage",16,9,10,6,19,1,26,"Lost"
"Row45","24/6/2018",2702,"Mirage",13,16,23,8,18,3,60,"Win"
"Row46","24/6/2018",1951,"Mirage",16,5,16,2,9,3,36,"Win"
"Row47","22/6/2018",1475,"Mirage",2,14,1,1,8,0,3,"Lost"
"Row48","22/6/2018",2026,"Mirage",6,16,22,1,10,6,55,"Win"
"Row49","21/6/2018",2235,"Mirage",7,16,18,5,16,1,41,"Win"
"Row50","21/6/2018",2279,"Mirage",16,8,17,4,19,2,46,"Lost"
"Row51","21/6/2018",2819,"Cache",14,16,13,5,16,2,36,"Lost"
"Row52","20/6/2018",2755,"Mirage",11,16,15,8,13,4,44,"Win"
"Row53","17/6/2018",3182,"Cache",15,15,12,7,20,2,41,"Tie"
"Row54","17/6/2018",1501,"Mirage",3,16,7,4,16,0,21,"Lost"
"Row55","16/6/2018",2728,"Dust II",14,16,10,6,20,0,27,"Lost"
"Row56","15/6/2018",2058,"Dust II",6,16,19,3,12,5,48,"Win"
"Row57","15/6/2018",2815,"Mirage",16,12,18,4,19,2,48,"Lost"
"Row58","14/6/2018",2857,"Cache",16,14,16,4,14,1,48,"Win"
"Row59","14/6/2018",2491,"Mirage",9,16,9,2,18,0,22,"Lost"
"Row60","14/6/2018",1825,"Dust II",6,16,5,5,20,0,16,"Lost"
"Row61","14/6/2018",2396,"Mirage",8,16,15,7,22,0,39,"Lost"
"Row62","13/6/2018",2726,"Cache",16,13,14,11,22,3,52,"Win"
"Row63","13/6/2018",2427,"Mirage",10,16,25,5,16,4,70,"Win"
"Row64","13/6/2018",2065,"Mirage",6,16,14,3,14,1,31,"Lost"
"Row65","13/6/2018",2598,"Mirage",9,16,28,5,12,7,70,"Win"
"Row66","11/6/2018",1914,"Mirage",16,6,11,6,17,1,33,"Lost"
"Row67","8/6/2018",1999,"Mirage",16,8,10,6,23,0,26,"Lost"
"Row68","7/6/2018",1788,"Mirage",16,5,10,5,17,1,26,"Lost"
"Row69","7/6/2018",924,"Mirage",0,11,10,1,4,4,28,"Win"
"Row70","7/6/2018",2435,"Mirage",9,16,25,0,19,4,53,"Lost"
"Row71","6/6/2018",3231,"Mirage",15,15,15,5,27,3,48,"Tie"
"Row72","2/6/2018",2794,"Mirage",15,15,22,4,21,4,51,"Tie"
"Row73","2/6/2018",2365,"Mirage",8,16,8,1,11,3,24,"Win"
"Row74","1/6/2018",1659,"Cache",2,16,10,1,13,0,21,"Lost"
"Row75","1/6/2018",2354,"Mirage",16,7,16,8,18,1,48,"Lost"
"Row76","26/5/2018",1873,"Mirage",16,5,8,2,18,2,22,"Lost"
"Row77","25/5/2018",2177,"Mirage",16,10,19,5,14,4,49,"Win"
"Row78","25/5/2018",2972,"Mirage",15,15,36,5,17,4,89,"Tie"
"Row79","25/5/2018",880,"Mirage",7,3,7,1,5,2,15,"Win"
"Row80","25/5/2018",1527,"Mirage",14,1,10,1,10,1,22,"Win"
"Row81","25/5/2018",2916,"Mirage",14,16,22,6,21,2,56,"Lost"
"Row82","25/5/2018",2723,"Mirage",16,11,17,6,20,3,46,"Win"
"Row83","24/5/2018",2369,"Mirage",16,10,16,3,19,3,46,"Lost"
"Row84","24/5/2018",2455,"Mirage",16,12,14,8,20,2,42,"Lost"
"Row85","22/5/2018",1682,"Dust II",16,6,11,5,15,2,29,"Win"
"Row86","20/5/2018",1888,"Dust II",16,4,19,4,10,2,42,"Win"
"Row87","20/5/2018",1860,"Mirage",5,16,18,6,13,4,47,"Win"
"Row88","19/5/2018",3327,"Cache",14,16,36,5,21,7,89,"Lost"
"Row89","18/5/2018",2752,"Dust II",15,15,25,3,15,3,64,"Tie"
"Row90","18/5/2018",1621,"Dust II",16,4,22,9,9,7,53,"Win"
"Row91","11/5/2018",3106,"Dust II",15,15,20,5,23,3,53,"Tie"
"Row92","10/5/2018",1659,"Dust II",2,16,15,4,11,0,37,"Win"
"Row93","7/5/2018",2472,"Cache",10,16,15,8,22,2,42,"Lost"
"Row94","6/5/2018",1735,"Cache",6,16,13,5,15,1,31,"Lost"
"Row95","6/5/2018",2288,"Overpass",16,9,7,4,15,0,19,"Lost"
"Row96","6/5/2018",2478,"Dust II",16,12,22,6,20,1,54,"Lost"
"Row97","5/5/2018",2186,"Mirage",5,16,14,7,14,2,37,"Win"
"Row98","27/4/2018",668,"Dust II",8,1,0,1,3,0,1,"Lost"
"Row99","27/4/2018",2294,"Dust II",16,10,1,0,4,0,2,"Lost"
"Row100","27/4/2018",1227,"Mirage",12,1,18,2,3,2,39,"Win"
"Row101","25/4/2018",1627,"Mirage",11,6,10,3,11,1,30,"Lost"
"Row102","22/4/2018",2436,"Mirage",16,12,8,9,21,0,32,"Lost"
"Row103","2/3/2018",2764,"Mirage",16,12,15,4,18,3,45,"Lost"
"Row104","2/3/2018",1778,"Mirage",5,16,9,3,14,0,23,"Lost"
"Row105","1/3/2018",2363,"Mirage",16,9,11,4,21,1,37,"Lost"
"Row106","1/3/2018",2174,"Mirage",16,7,9,2,21,2,24,"Lost"
"Row107","1/3/2018",2582,"Mirage",11,16,19,6,22,2,46,"Lost"
"Row108","1/3/2018",2497,"Dust II",10,16,23,5,19,2,67,"Lost"
"Row109","28/2/2018",3155,"Dust II",14,16,14,5,19,2,37,"Lost"
"Row110","27/2/2018",2266,"Mirage",16,7,10,9,15,1,31,"Win"
"Row111","27/2/2018",2559,"Mirage",9,16,10,3,21,0,28,"Lost"
"Row112","27/2/2018",1931,"Mirage",5,16,12,0,16,0,25,"Lost"
"Row113","26/2/2018",3041,"Mirage",16,14,20,7,22,3,62,"Lost"
"Row114","26/2/2018",1732,"Mirage",4,16,18,3,12,3,53,"Win"
"Row115","24/2/2018",2366,"Mirage",16,10,24,4,13,4,60,"Win"
"Row116","24/2/2018",1852,"Mirage",16,5,10,8,14,1,28,"Win"
"Row117","24/2/2018",2143,"Mirage",16,7,16,7,18,2,45,"Lost"
"Row118","24/2/2018",2954,"Mirage",12,16,23,8,23,2,65,"Win"
"Row119","24/2/2018",3006,"Dust II",15,15,21,4,23,2,55,"Tie"
"Row120","24/2/2018",2955,"Mirage",15,15,17,5,21,1,47,"Tie"
"Row121","23/2/2018",3429,"Mirage",16,14,34,4,22,6,88,"Win"
"Row122","23/2/2018",2405,"Mirage",16,10,16,7,20,1,41,"Lost"
"Row123","23/2/2018",1942,"Cobblestone",16,3,20,2,8,3,46,"Win"
"Row124","22/2/2018",1708,"Cache",16,3,9,2,17,1,24,"Lost"
"Row125","22/2/2018",2481,"Mirage",12,16,18,13,19,4,51,"Win"
"Row126","22/2/2018",981,"Dust II",1,10,11,2,4,4,26,"Win"
"Row127","20/2/2018",2712,"Dust II",16,9,9,6,17,2,26,"Lost"
"Row128","20/2/2018",2604,"Dust II",11,16,23,2,17,3,52,"Win"
"Row129","19/2/2018",2709,"Mirage",16,11,28,4,19,6,68,"Lost"
"Row130","19/2/2018",2726,"Cobblestone",16,7,3,2,7,0,8,"Lost"
"Row131","18/2/2018",2078,"Dust II",7,16,19,2,19,1,42,"Lost"
"Row132","18/2/2018",2458,"Overpass",16,8,7,0,15,0,17,"Lost"
"Row133","18/2/2018",3345,"Mirage",14,16,18,5,25,2,49,"Lost"
"Row134","18/2/2018",2784,"Mirage",13,16,9,7,23,1,30,"Win"
"Row135","17/2/2018",2429,"Mirage",11,16,11,12,18,1,40,"Win"
"Row136","12/2/2018",2520,"Dust II",12,16,19,4,19,1,51,"Lost"
"Row137","11/2/2018",2537,"Cache",11,16,25,6,18,2,62,"Lost"
"Row138","8/2/2018",2217,"Dust II",16,7,15,7,13,2,37,"Win"
"Row139","8/2/2018",2489,"Cache",11,16,14,6,16,1,39,"Win"
"Row140","7/2/2018",2772,"Dust II",16,14,27,7,20,4,65,"Lost"
"Row141","6/2/2018",2070,"Dust II",7,16,10,3,21,1,23,"Lost"
"Row142","26/1/2018",2229,"Mirage",10,16,16,6,21,2,40,"Lost"
"Row143","26/1/2018",1596,"Dust II",16,5,13,4,15,2,31,"Win"
"Row144","26/1/2018",3096,"Dust II",12,16,12,4,24,2,30,"Lost"
"Row145","25/1/2018",2820,"Cache",16,11,16,7,23,1,42,"Lost"
"Row146","25/1/2018",1996,"Mirage",16,6,16,3,19,2,41,"Lost"
"Row147","25/1/2018",2707,"Dust II",15,15,28,5,20,4,64,"Tie"
"Row148","24/1/2018",1765,"Dust II",16,2,7,5,13,2,19,"Win"
"Row149","24/1/2018",1927,"Mirage",5,16,5,3,14,0,13,"Lost"
"Row150","24/1/2018",2634,"Dust II",14,16,19,7,23,4,48,"Lost"
"Row151","23/1/2018",1906,"Mirage",16,3,5,1,16,1,17,"Lost"
"Row152","23/1/2018",2064,"Dust II",7,16,16,4,15,2,36,"Win"
"Row153","23/1/2018",2144,"Mirage",6,16,11,4,19,1,31,"Lost"
"Row154","22/1/2018",2534,"Dust II",8,16,15,3,19,3,45,"Lost"
"Row155","21/1/2018",2357,"Mirage",16,10,23,2,17,4,53,"Lost"
"Row156","21/1/2018",2869,"Mirage",12,16,26,8,19,6,63,"Win"
"Row157","21/1/2018",1541,"Dust II",16,4,10,0,17,0,22,"Lost"
"Row158","20/1/2018",2671,"Dust II",13,16,22,4,22,3,55,"Lost"
"Row159","19/1/2018",2025,"Mirage",16,6,17,6,12,3,54,"Win"
"Row160","19/1/2018",2574,"Inferno",16,9,22,4,17,3,52,"Lost"
"Row161","19/1/2018",2700,"Mirage",13,16,10,3,22,0,31,"Lost"
"Row162","18/1/2018",2889,"Inferno",16,12,14,7,20,3,40,"Lost"
"Row163","18/1/2018",2827,"Mirage",12,16,14,4,18,0,39,"Lost"
"Row164","18/1/2018",3037,"Mirage",14,16,19,7,21,3,51,"Win"
"Row165","17/1/2018",2952,"Mirage",13,16,14,6,24,4,37,"Lost"
"Row166","17/1/2018",2615,"Dust II",13,16,17,2,22,1,41,"Win"
"Row167","23/12/2017",2899,"Mirage",14,16,17,5,20,3,43,"Win"
"Row168","23/12/2017",2187,"Mirage",9,16,25,10,13,5,69,"Win"
"Row169","23/12/2017",2456,"Mirage",7,16,20,3,11,3,61,"Win"
"Row170","23/12/2017",2745,"Inferno",16,11,14,2,21,4,39,"Lost"
"Row171","23/12/2017",2053,"Mirage",16,6,22,3,13,5,54,"Win"
"Row172","23/12/2017",2451,"Dust II",16,12,9,6,21,1,26,"Win"
"Row173","22/12/2017",2747,"Mirage",15,15,25,3,20,4,58,"Tie"
"Row174","22/12/2017",2003,"Mirage",16,3,12,5,9,2,29,"Win"
"Row175","22/12/2017",1956,"Dust II",7,12,6,2,13,1,17,"Lost"
"Row176","22/12/2017",2509,"Dust II",11,16,12,7,19,0,37,"Win"
"Row177","22/12/2017",2734,"Dust II",15,15,15,1,23,4,33,"Tie"
"Row178","21/12/2017",3174,"Mirage",15,15,17,12,26,1,50,"Tie"
"Row179","21/12/2017",2373,"Dust II",16,11,15,3,21,1,37,"Lost"
"Row180","21/12/2017",2707,"Mirage",16,13,26,3,14,2,68,"Win"
"Row181","21/12/2017",2694,"Mirage",16,13,19,4,24,4,55,"Lost"
"Row182","20/12/2017",2497,"Dust II",15,15,14,2,22,2,35,"Tie"
"Row183","20/12/2017",2063,"Dust II",16,7,25,4,12,3,57,"Win"
"Row184","20/12/2017",2801,"Mirage",15,15,12,2,22,1,29,"Tie"
"Row185","20/12/2017",1803,"Cache",4,16,6,1,19,0,15,"Lost"
"Row186","20/12/2017",2842,"Mirage",15,15,25,3,21,5,65,"Tie"
"Row187","20/12/2017",2328,"Dust II",16,12,11,5,20,1,38,"Win"
"Row188","20/12/2017",1229,"Dust II",10,2,5,1,7,1,13,"Win"
"Row189","19/12/2017",2586,"Dust II",16,13,29,5,22,5,77,"Win"
"Row190","19/12/2017",2890,"Dust II",16,14,24,3,20,3,60,"Win"
"Row191","18/12/2017",2508,"Dust II",10,16,13,4,21,2,36,"Lost"
"Row192","18/12/2017",2790,"Inferno",16,14,9,9,24,1,35,"Lost"
"Row193","18/12/2017",2804,"Dust II",16,12,15,10,17,0,47,"Win"
"Row194","18/12/2017",2177,"Dust II",16,7,13,5,19,2,40,"Lost"
"Row195","12/12/2017",2882,"Dust II",15,15,20,7,23,3,50,"Tie"
"Row196","12/12/2017",2603,"Dust II",15,15,27,6,21,3,69,"Tie"
"Row197","12/12/2017",2284,"Mirage",5,16,19,4,12,4,51,"Win"
"Row198","12/12/2017",2112,"Mirage",16,6,23,4,14,6,57,"Win"
"Row199","12/12/2017",2730,"Mirage",15,15,19,5,22,4,56,"Tie"
"Row200","10/12/2017",2803,"Cache",16,13,18,1,18,2,44,"Win"
"Row201","5/12/2017",2243,"Dust II",16,9,11,2,22,0,27,"Lost"
"Row202","1/12/2017",2265,"Mirage",7,16,11,4,14,1,30,"Win"
"Row203","30/11/2017",2996,"Dust II",14,16,25,5,19,4,61,"Win"
"Row204","30/11/2017",2069,"Dust II",16,6,11,3,20,1,25,"Lost"
"Row205","30/11/2017",2013,"Dust II",16,5,10,2,14,0,24,"Lost"
"Row206","27/11/2017",2214,"Mirage",16,9,2,1,8,0,5,"Lost"
"Row207","27/11/2017",1963,"Dust II",7,16,14,0,17,2,28,"Win"
"Row208","26/11/2017",1740,"Dust II",16,5,9,4,20,2,22,"Lost"
"Row209","26/11/2017",2235,"Dust II",16,9,15,5,17,2,39,"Win"
"Row210","26/11/2017",2477,"Dust II",12,16,22,7,17,4,60,"Win"
"Row211","26/11/2017",2088,"Dust II",9,16,23,3,15,3,54,"Win"
"Row212","26/11/2017",2216,"Dust II",16,11,17,1,16,1,41,"Win"
"Row213","25/11/2017",2071,"Dust II",7,16,11,6,20,0,28,"Lost"
"Row214","24/11/2017",2053,"Dust II",16,7,17,3,21,1,41,"Lost"
"Row215","23/11/2017",2652,"Dust II",15,15,11,5,22,1,29,"Tie"
"Row216","22/11/2017",2602,"Dust II",12,16,16,9,19,3,45,"Win"
"Row217","22/11/2017",1608,"Dust II",16,7,9,4,16,0,24,"Win"
"Row218","20/11/2017",2307,"Dust II",8,16,23,11,17,2,57,"Win"
"Row219","20/11/2017",2201,"Mirage",16,8,13,4,20,0,33,"Lost"
"Row220","20/11/2017",2924,"Dust II",12,16,15,4,22,0,41,"Lost"
"Row221","20/11/2017",1758,"Dust II",4,16,6,0,11,0,12,"Lost"
"Row222","20/11/2017",2838,"Dust II",12,16,14,5,22,2,38,"Lost"
"Row223","19/11/2017",2701,"Dust II",10,16,29,5,17,6,75,"Win"
"Row224","19/11/2017",1684,"Dust II",16,4,3,5,15,0,12,"Win"
"Row225","19/11/2017",2362,"Dust II",16,10,21,3,19,2,47,"Lost"
"Row226","19/11/2017",3011,"Dust II",16,13,21,8,26,2,57,"Lost"
"Row227","19/11/2017",2464,"Dust II",16,10,24,5,20,5,62,"Lost"
"Row228","18/11/2017",3214,"Mirage",16,13,22,7,20,5,61,"Win"
"Row229","18/11/2017",2703,"Dust II",14,16,23,7,19,2,58,"Lost"
"Row230","18/11/2017",2009,"Dust II",5,16,12,1,14,1,28,"Lost"
"Row231","17/11/2017",2382,"Cache",16,11,19,5,17,0,46,"Win"
"Row232","16/11/2017",2694,"Dust II",13,16,31,7,17,5,78,"Win"
"Row233","16/11/2017",1903,"Cache",16,6,8,1,12,1,17,"Lost"
"Row234","16/11/2017",2585,"Dust II",16,11,16,8,18,3,44,"Win"
"Row235","15/11/2017",2209,"Dust II",8,16,24,1,16,2,52,"Lost"
"Row236","15/11/2017",2723,"Mirage",16,10,26,2,20,3,72,"Lost"
"Row237","15/11/2017",2365,"Dust II",10,16,12,6,18,2,31,"Win"
"Row238","15/11/2017",2526,"Dust II",16,9,20,7,16,2,51,"Win"
"Row239","11/11/2017",2472,"Dust II",16,13,4,2,7,1,10,"Win"
"Row240","11/11/2017",1750,"Dust II",4,16,8,0,17,0,18,"Lost"
"Row241","11/11/2017",2800,"Dust II",11,16,16,6,22,3,48,"Win"
"Row242","11/11/2017",2746,"Mirage",13,16,22,7,23,2,59,"Lost"
"Row243","10/11/2017",2306,"Mirage",16,9,4,5,21,0,19,"Lost"
"Row244","10/11/2017",1923,"Dust II",5,16,19,4,13,5,52,"Win"
"Row245","10/11/2017",2564,"Dust II",11,16,17,2,20,3,48,"Lost"
"Row246","10/11/2017",2112,"Dust II",9,16,11,2,18,2,26,"Lost"
"Row247","8/11/2017",2309,"Dust II",16,9,14,7,18,3,45,"Win"
"Row248","6/11/2017",3018,"Mirage",16,13,16,4,25,4,50,"Lost"
"Row249","6/11/2017",2562,"Dust II",10,16,5,3,24,0,13,"Lost"
"Row250","4/11/2017",2823,"Dust II",13,16,9,5,20,2,29,"Lost"
"Row251","31/10/2017",2836,"Dust II",16,10,11,5,21,2,34,"Lost"
"Row252","29/10/2017",2793,"Dust II",16,14,15,3,18,3,46,"Win"
"Row253","29/10/2017",2244,"Dust II",16,11,15,3,17,1,36,"Win"
"Row254","29/10/2017",2716,"Mirage",16,10,16,1,15,3,45,"Win"
"Row255","28/10/2017",2584,"Mirage",10,16,12,8,20,2,38,"Lost"
"Row256","28/10/2017",3064,"Dust II",14,16,17,2,20,3,52,"Win"
"Row257","26/10/2017",2239,"Mirage",6,16,15,2,11,2,38,"Win"
"Row258","26/10/2017",2863,"Mirage",16,11,20,3,18,2,47,"Lost"
"Row259","26/10/2017",1749,"Dust II",2,16,4,2,16,0,10,"Lost"
"Row260","25/10/2017",2147,"Dust II",16,8,18,3,12,4,45,"Win"
"Row261","25/10/2017",2484,"Dust II",12,16,13,1,15,3,31,"Lost"
"Row262","23/10/2017",1736,"Mirage",16,4,18,0,8,2,36,"Win"
"Row263","23/10/2017",2819,"Dust II",16,12,15,3,21,3,39,"Lost"
"Row264","22/10/2017",2938,"Dust II",15,15,4,2,22,2,17,"Tie"
"Row265","21/10/2017",2813,"Dust II",16,13,23,7,21,5,67,"Lost"
"Row266","21/10/2017",2487,"Dust II",9,16,9,1,23,0,23,"Lost"
"Row267","20/10/2017",2777,"Dust II",11,16,17,1,15,0,37,"Lost"
"Row268","20/10/2017",2745,"Dust II",16,14,11,6,22,1,35,"Lost"
"Row269","20/10/2017",1785,"Dust II",4,16,7,3,17,0,22,"Lost"
"Row270","20/10/2017",2543,"Mirage",7,16,18,5,12,3,58,"Win"
"Row271","20/10/2017",2236,"Dust II",9,16,12,5,21,0,36,"Lost"
"Row272","19/10/2017",1739,"Dust II",5,16,12,7,13,2,33,"Win"
"Row273","19/10/2017",2238,"Dust II",16,10,18,2,20,2,42,"Lost"
"Row274","19/10/2017",2761,"Dust II",16,14,20,5,22,3,55,"Lost"
"Row275","19/10/2017",2843,"Dust II",16,13,21,3,21,2,51,"Lost"
"Row276","19/10/2017",1936,"Dust II",16,6,7,1,13,1,19,"Win"
"Row277","18/10/2017",2262,"Dust II",16,9,19,4,15,1,48,"Win"
"Row278","17/10/2017",2505,"Dust II",12,16,19,4,21,3,49,"Lost"
"Row279","17/10/2017",1906,"Dust II",7,16,19,6,14,4,55,"Win"
"Row280","17/10/2017",2225,"Dust II",16,8,15,9,21,1,44,"Lost"
"Row281","16/10/2017",2288,"Dust II",10,16,19,2,17,4,45,"Win"
"Row282","16/10/2017",2924,"Dust II",13,16,18,8,20,4,51,"Win"
"Row283","15/10/2017",2739,"Mirage",16,12,14,1,19,2,35,"Lost"
"Row284","15/10/2017",2378,"Mirage",16,10,12,6,21,2,38,"Lost"
"Row285","14/10/2017",1619,"Mirage",2,16,6,2,14,1,14,"Lost"
"Row286","13/10/2017",2220,"Dust II",16,10,12,3,14,3,34,"Win"
"Row287","13/10/2017",3060,"Dust II",15,15,20,4,22,2,48,"Tie"
"Row288","13/10/2017",2573,"Dust II",16,11,15,7,22,1,37,"Lost"
"Row289","12/10/2017",2240,"Dust II",9,16,21,3,11,7,58,"Win"
"Row290","5/10/2017",2922,"Dust II",15,15,5,2,10,0,13,"Tie"
"Row291","25/9/2017",2973,"Dust II",15,15,18,5,20,4,54,"Tie"
"Row292","22/9/2017",2447,"Dust II",10,16,22,4,20,3,51,"Lost"
"Row293","22/9/2017",1759,"Dust II",7,16,11,10,11,0,36,"Win"
"Row294","22/9/2017",3000,"Mirage",13,16,15,5,22,1,46,"Lost"
"Row295","22/9/2017",2443,"Mirage",9,16,18,4,19,4,51,"Lost"
"Row296","22/9/2017",2356,"Dust II",16,7,18,6,17,1,48,"Lost"
"Row297","22/9/2017",2448,"Dust II",16,13,21,10,20,3,58,"Win"
"Row298","21/9/2017",2694,"Dust II",16,12,18,2,21,2,44,"Lost"
"Row299","21/9/2017",2686,"Dust II",14,16,14,6,21,2,37,"Lost"
"Row300","21/9/2017",2005,"Mirage",16,7,13,4,17,1,36,"Win"
"Row301","21/9/2017",2464,"Dust II",10,16,17,5,18,4,43,"Win"
"Row302","20/9/2017",2198,"Dust II",16,8,22,4,11,4,61,"Win"
"Row303","20/9/2017",1887,"Dust II",6,16,5,2,17,0,16,"Lost"
"Row304","20/9/2017",2257,"Dust II",9,16,17,4,21,1,41,"Lost"
"Row305","19/9/2017",2051,"Dust II",16,10,6,4,19,1,19,"Lost"
"Row306","19/9/2017",2208,"Dust II",16,6,12,6,15,0,31,"Win"
"Row307","19/9/2017",1516,"Dust II",4,16,7,0,14,0,14,"Lost"
"Row308","19/9/2017",2595,"Dust II",16,12,12,7,18,0,37,"Win"
"Row309","19/9/2017",1665,"Inferno",1,16,7,6,9,2,27,"Win"
"Row310","19/9/2017",1695,"Dust II",2,16,14,3,6,2,38,"Win"
"Row311","11/9/2017",1639,"Dust II",16,3,0,0,3,0,1,"Lost"
"Row312","11/9/2017",2715,"Dust II",16,12,26,7,19,5,67,"Win"
"Row313","11/9/2017",1921,"Dust II",5,16,18,1,18,1,37,"Lost"
"Row314","11/9/2017",2573,"Dust II",15,15,17,2,20,1,39,"Tie"
"Row315","3/9/2017",2064,"Dust II",8,16,6,3,9,1,16,"Lost"
"Row316","3/9/2017",1347,"Dust II",16,1,13,0,15,1,26,"Lost"
"Row317","3/9/2017",1992,"Dust II",7,16,13,3,12,3,32,"Win"
"Row318","1/9/2017",2635,"Mirage",16,13,4,1,9,1,9,"Lost"
"Row319","1/9/2017",2166,"Dust II",7,16,15,3,12,1,35,"Win"
"Row320","1/9/2017",2225,"Dust II",9,16,15,2,17,1,32,"Lost"
"Row321","31/8/2017",2940,"Dust II",16,13,13,8,19,0,42,"Win"
"Row322","31/8/2017",1746,"Dust II",2,16,7,3,12,0,20,"Lost"
"Row323","31/8/2017",1945,"Dust II",16,7,1,0,7,0,2,"Lost"
"Row324","31/8/2017",2371,"Dust II",16,9,14,7,17,1,42,"Win"
"Row325","31/8/2017",2344,"Dust II",16,9,16,1,17,0,37,"Lost"
"Row326","31/8/2017",2121,"Dust II",16,8,14,2,17,1,38,"Lost"
"Row327","30/8/2017",2586,"Dust II",16,12,13,5,22,0,37,"Lost"
"Row328","30/8/2017",1811,"Dust II",7,16,8,3,16,1,23,"Win"
"Row329","30/8/2017",2460,"Dust II",16,11,13,6,18,0,36,"Win"
"Row330","30/8/2017",2563,"Mirage",16,9,5,2,11,0,16,"Lost"
"Row331","9/7/2017",2475,"Mirage",14,16,13,4,21,2,35,"Lost"
"Row332","6/7/2017",2586,"Dust II",16,9,22,6,13,5,58,"Win"
"Row333","6/7/2017",1936,"Dust II",16,7,6,8,21,0,20,"Lost"
"Row334","6/7/2017",1726,"Mirage",15,4,15,4,10,2,40,"Win"
"Row335","5/7/2017",2423,"Dust II",11,16,13,4,15,1,33,"Win"
"Row336","25/6/2017",2543,"Dust II",16,14,12,6,21,2,32,"Lost"
"Row337","24/6/2017",1862,"Dust II",6,16,12,3,12,1,31,"Win"
"Row338","24/6/2017",2067,"Dust II",7,16,14,4,14,0,35,"Win"
"Row339","23/6/2017",2466,"Dust II",12,16,13,3,22,0,31,"Lost"
"Row340","23/6/2017",2290,"Dust II",9,16,25,5,13,5,70,"Win"
"Row341","22/6/2017",2291,"Dust II",8,16,0,0,5,0,2,"Win"
"Row342","22/6/2017",3133,"Dust II",15,15,14,4,24,0,39,"Tie"
"Row343","22/6/2017",1520,"Dust II",3,16,9,0,17,1,18,"Lost"
"Row344","22/6/2017",2948,"Dust II",14,16,21,9,24,6,62,"Win"
"Row345","21/6/2017",2661,"Cache",14,16,26,4,16,4,62,"Win"
"Row346","21/6/2017",2944,"Mirage",15,15,20,7,24,1,52,"Tie"
"Row347","21/6/2017",2205,"Mirage",16,8,12,7,19,2,41,"Lost"
"Row348","21/6/2017",3603,"Mirage",15,15,16,6,18,2,40,"Tie"
"Row349","20/6/2017",2480,"Dust II",16,9,20,4,21,2,44,"Lost"
"Row350","20/6/2017",2843,"Cache",16,12,19,3,18,3,54,"Win"
"Row351","20/6/2017",1798,"Inferno",16,4,2,1,2,1,5,"Lost"
"Row352","20/6/2017",2367,"Dust II",11,16,13,5,18,3,42,"Win"
"Row353","20/6/2017",1773,"Dust II",2,16,7,2,14,0,18,"Lost"
"Row354","19/6/2017",2617,"Mirage",9,16,17,4,10,3,47,"Win"
"Row355","19/6/2017",2220,"Dust II",16,5,9,7,19,1,33,"Lost"
"Row356","19/6/2017",1755,"Dust II",3,16,19,3,10,2,46,"Win"
"Row357","19/6/2017",3095,"Mirage",16,14,17,7,26,0,45,"Win"
"Row358","17/6/2017",2325,"Dust II",10,16,18,3,22,1,43,"Lost"
"Row359","17/6/2017",2791,"Mirage",14,16,24,8,20,5,73,"Win"
"Row360","17/6/2017",2045,"Dust II",16,7,17,3,12,3,39,"Win"
"Row361","16/6/2017",2361,"Dust II",16,9,17,4,19,4,44,"Lost"
"Row362","15/6/2017",2856,"Dust II",16,12,17,5,22,1,40,"Lost"
"Row363","15/6/2017",2689,"Dust II",16,14,20,2,21,2,45,"Win"
"Row364","15/6/2017",2793,"Mirage",15,15,23,13,24,1,62,"Tie"
"Row365","15/6/2017",1609,"Cobblestone",1,16,13,5,9,3,38,"Win"
"Row366","14/6/2017",3172,"Inferno",16,13,20,3,19,0,46,"Win"
"Row367","13/6/2017",2380,"Mirage",9,16,13,4,22,2,35,"Lost"
"Row368","13/6/2017",2865,"Mirage",15,15,25,2,21,3,57,"Tie"
"Row369","12/6/2017",2266,"Mirage",7,16,18,2,18,4,44,"Lost"
"Row370","12/6/2017",2030,"Mirage",6,16,9,1,17,1,25,"Lost"
"Row371","12/6/2017",2010,"Dust II",9,16,12,3,19,1,34,"Lost"
"Row372","11/6/2017",2296,"Dust II",8,16,20,2,13,3,47,"Win"
"Row373","11/6/2017",2546,"Mirage",12,16,17,4,24,1,44,"Lost"
"Row374","11/6/2017",2147,"Dust II",9,16,14,4,16,2,36,"Win"
"Row375","11/6/2017",1741,"Dust II",14,7,16,2,9,1,42,"Win"
"Row376","10/6/2017",2755,"Mirage",14,16,20,9,22,2,55,"Lost"
"Row377","10/6/2017",2461,"Mirage",12,16,21,3,18,3,58,"Win"
"Row378","9/6/2017",1471,"Dust II",2,16,7,5,11,2,24,"Win"
"Row379","9/6/2017",2480,"Dust II",16,9,26,4,12,5,67,"Win"
"Row380","8/6/2017",2236,"Dust II",16,8,16,5,19,3,42,"Lost"
"Row381","8/6/2017",2557,"Dust II",16,14,25,6,16,6,62,"Win"
"Row382","8/6/2017",1548,"Dust II",2,16,7,3,18,0,17,"Lost"
"Row383","8/6/2017",2289,"Mirage",16,6,10,4,19,1,28,"Lost"
"Row384","8/6/2017",3091,"Cache",15,15,9,4,17,0,26,"Tie"
"Row385","7/6/2017",2295,"Cache",8,16,12,2,20,1,30,"Lost"
"Row386","6/6/2017",2648,"Mirage",11,16,23,6,19,1,58,"Lost"
"Row387","6/6/2017",2106,"Cache",6,16,8,2,9,1,18,"Lost"
"Row388","5/6/2017",2479,"Cache",16,9,18,6,16,2,53,"Lost"
"Row389","3/6/2017",2364,"Dust II",9,16,15,5,20,0,38,"Lost"
"Row390","2/6/2017",2096,"Dust II",16,8,16,5,18,2,38,"Lost"
"Row391","2/6/2017",2147,"Dust II",6,16,23,6,14,4,59,"Win"
"Row392","2/6/2017",2743,"Dust II",15,15,18,6,23,4,46,"Tie"
"Row393","1/6/2017",2386,"Cache",16,6,10,7,20,0,31,"Lost"
"Row394","31/5/2017",2344,"Dust II",16,8,17,3,19,0,38,"Lost"
"Row395","31/5/2017",1706,"Dust II",16,3,15,4,11,3,34,"Win"
"Row396","29/5/2017",3140,"Dust II",16,14,13,3,26,2,37,"Lost"
"Row397","28/5/2017",2564,"Inferno",10,16,10,1,22,0,21,"Lost"
"Row398","28/5/2017",3046,"Dust II",15,15,17,5,22,2,47,"Tie"
"Row399","28/5/2017",2809,"Dust II",12,16,21,5,19,2,54,"Win"
"Row400","28/5/2017",2502,"Mirage",15,15,20,8,22,2,53,"Tie"
"Row401","27/5/2017",2684,"Inferno",11,16,2,6,20,1,16,"Win"
"Row402","27/5/2017",2178,"Dust II",6,16,8,1,17,1,19,"Lost"
"Row403","27/5/2017",2948,"Dust II",14,16,21,7,16,3,54,"Win"
"Row404","26/5/2017",1811,"Inferno",16,4,5,3,19,0,18,"Lost"
"Row405","25/5/2017",2871,"Mirage",15,15,19,6,26,2,55,"Tie"
"Row406","25/5/2017",2848,"Dust II",14,16,17,2,22,4,43,"Lost"
"Row407","25/5/2017",2281,"Overpass",7,16,17,4,13,0,41,"Win"
"Row408","24/5/2017",2513,"Austria",12,16,17,4,22,1,43,"Lost"
"Row409","24/5/2017",2623,"Dust II",14,16,20,7,19,2,47,"Lost"
"Row410","23/5/2017",1939,"Mirage",5,16,11,1,16,1,23,"Lost"
"Row411","23/5/2017",2582,"Dust II",11,16,16,10,23,2,50,"Win"
"Row412","23/5/2017",2108,"Dust II",10,16,12,3,18,2,34,"Lost"
"Row413","23/5/2017",2296,"Dust II",16,8,16,4,11,3,40,"Win"
"Row414","23/5/2017",2478,"Dust II",16,11,11,5,20,0,35,"Lost"
"Row415","23/5/2017",1890,"Dust II",16,6,10,1,12,2,24,"Win"
"Row416","23/5/2017",1765,"Dust II",4,16,17,6,11,2,50,"Win"
"Row417","22/5/2017",2349,"Dust II",8,16,11,4,21,2,28,"Lost"
"Row418","22/5/2017",1655,"Dust II",16,4,16,4,11,2,41,"Win"
"Row419","20/5/2017",2577,"Mirage",16,12,16,8,15,0,46,"Win"
"Row420","20/5/2017",2832,"Dust II",15,15,21,7,21,2,53,"Tie"
"Row421","19/5/2017",2405,"Dust II",16,11,18,5,17,1,46,"Lost"
"Row422","19/5/2017",2561,"Dust II",16,11,17,2,20,2,46,"Lost"
"Row423","12/5/2017",2057,"Dust II",8,16,19,5,17,3,45,"Win"
"Row424","12/5/2017",1214,"Dust II",16,2,14,3,6,2,31,"Win"
"Row425","12/5/2017",2635,"Dust II",13,16,18,3,17,2,41,"Lost"
"Row426","12/5/2017",2528,"Dust II",16,10,9,7,19,2,26,"Lost"
"Row427","10/5/2017",3259,"Dust II",16,13,22,4,22,2,51,"Lost"
"Row428","9/5/2017",2627,"Dust II",16,12,20,5,21,2,51,"Lost"
"Row429","8/5/2017",1951,"Mirage",16,4,10,0,16,1,23,"Lost"
"Row430","7/5/2017",2695,"Dust II",16,14,16,2,16,1,34,"Lost"
"Row431","7/5/2017",3039,"Dust II",14,16,19,1,20,0,42,"Lost"
"Row432","7/5/2017",2408,"Dust II",12,16,13,6,20,1,35,"Win"
"Row433","6/5/2017",2346,"Dust II",9,16,20,4,14,1,48,"Win"
"Row434","6/5/2017",1586,"Dust II",2,16,20,3,5,3,50,"Win"
"Row435","6/5/2017",1773,"Dust II",16,4,13,6,8,1,34,"Win"
"Row436","6/5/2017",1829,"Dust II",7,16,11,2,17,2,29,"Lost"
"Row437","5/5/2017",1865,"Mirage",16,4,12,2,11,3,30,"Win"
"Row438","5/5/2017",3035,"Dust II",15,15,31,5,17,5,74,"Tie"
"Row439","5/5/2017",2304,"Dust II",16,9,16,3,20,2,37,"Win"
"Row440","5/5/2017",2863,"Dust II",13,16,10,6,21,2,33,"Win"
"Row441","4/5/2017",2195,"Dust II",16,8,17,4,21,1,44,"Lost"
"Row442","3/5/2017",2343,"Dust II",16,12,15,6,24,0,38,"Lost"
"Row443","3/5/2017",2817,"Mirage",14,16,15,6,22,2,49,"Lost"
"Row444","3/5/2017",2141,"Dust II",16,10,17,2,12,3,44,"Win"
"Row445","2/5/2017",2251,"Dust II",16,8,15,0,16,3,36,"Win"
"Row446","1/5/2017",2509,"Dust II",11,16,18,1,16,2,50,"Win"
"Row447","1/5/2017",2876,"Dust II",15,15,24,6,22,4,56,"Tie"
"Row448","1/5/2017",2695,"Dust II",16,14,19,1,21,2,48,"Win"
"Row449","1/5/2017",2422,"Dust II",10,16,18,9,19,2,53,"Lost"
"Row450","1/5/2017",2739,"Dust II",15,15,24,5,19,0,62,"Tie"
"Row451","30/4/2017",1784,"Dust II",14,4,12,4,8,0,30,"Win"
"Row452","30/4/2017",1952,"Dust II",4,16,10,2,16,0,23,"Lost"
"Row453","29/4/2017",2874,"Mirage",14,16,12,8,18,4,47,"Lost"
"Row454","29/4/2017",2524,"Dust II",16,12,15,6,22,2,46,"Lost"
"Row455","29/4/2017",2095,"Dust II",16,7,16,7,16,3,43,"Win"
"Row456","29/4/2017",2706,"Dust II",16,14,13,3,22,1,40,"Lost"
"Row457","28/4/2017",1282,"Dust II",16,0,10,0,2,1,20,"Win"
"Row458","28/4/2017",1186,"Dust II",13,0,6,2,11,0,16,"Lost"
"Row459","28/4/2017",2087,"Dust II",16,7,23,2,12,4,57,"Win"
"Row460","28/4/2017",2340,"Dust II",16,7,17,2,17,0,46,"Lost"
"Row461","27/4/2017",2106,"Dust II",9,16,10,5,20,2,29,"Lost"
"Row462","27/4/2017",1904,"Mirage",5,16,6,5,17,0,21,"Lost"
"Row463","27/4/2017",1868,"Mirage",5,16,12,3,19,1,27,"Lost"
"Row464","27/4/2017",1644,"Dust II",2,16,5,3,18,0,13,"Lost"
"Row465","27/4/2017",1928,"Dust II",16,4,18,3,14,1,45,"Lost"
"Row466","26/4/2017",2681,"Dust II",14,16,18,5,19,3,47,"Lost"
"Row467","25/4/2017",2603,"Dust II",12,16,20,5,22,2,52,"Lost"
"Row468","24/4/2017",2971,"Dust II",15,15,17,3,22,4,47,"Tie"
"Row469","24/4/2017",2357,"Inferno",6,16,13,2,18,1,29,"Lost"
"Row470","23/4/2017",2961,"Dust II",15,15,18,6,23,4,43,"Tie"
"Row471","23/4/2017",2754,"Inferno",14,16,17,4,22,2,43,"Lost"
"Row472","23/4/2017",2257,"Dust II",16,10,17,4,21,1,44,"Lost"
"Row473","22/4/2017",2160,"Dust II",16,9,23,4,14,3,54,"Win"
"Row474","22/4/2017",1943,"Dust II",16,7,9,5,21,1,25,"Lost"
"Row475","22/4/2017",2710,"Dust II",16,12,22,6,18,4,54,"Lost"
"Row476","22/4/2017",2005,"Dust II",16,8,10,4,15,1,28,"Win"
"Row477","22/4/2017",2410,"Dust II",13,16,0,0,0,0,1,"Lost"
"Row478","21/4/2017",2721,"Dust II",16,14,18,4,21,1,49,"Lost"
"Row479","21/4/2017",2164,"Dust II",16,7,10,3,19,1,23,"Lost"
"Row480","21/4/2017",3164,"Dust II",13,16,17,7,17,0,49,"Win"
"Row481","20/4/2017",1973,"Dust II",16,5,13,3,14,4,40,"Win"
"Row482","20/4/2017",3155,"Mirage",16,14,16,1,17,1,42,"Win"
"Row483","18/4/2017",2570,"Dust II",16,12,19,6,23,2,56,"Lost"
"Row484","18/4/2017",2734,"Dust II",16,11,13,11,19,2,50,"Win"
"Row485","18/4/2017",3265,"Dust II",14,16,22,5,20,5,61,"Lost"
"Row486","17/4/2017",2238,"Dust II",8,16,10,4,19,2,28,"Lost"
"Row487","17/4/2017",2398,"Dust II",10,16,29,5,16,4,74,"Win"
"Row488","17/4/2017",2394,"Dust II",10,16,11,7,21,0,29,"Lost"
"Row489","17/4/2017",1762,"Dust II",16,4,12,3,15,1,33,"Lost"
"Row490","16/4/2017",2592,"Dust II",13,16,7,2,8,0,16,"Lost"
"Row491","15/4/2017",2718,"Dust II",16,14,14,6,16,0,43,"Lost"
"Row492","15/4/2017",2162,"Dust II",8,16,12,0,14,4,39,"Win"
"Row493","15/4/2017",2645,"Dust II",16,10,16,4,20,2,43,"Lost"
"Row494","15/4/2017",1624,"Dust II",3,16,9,0,17,0,18,"Lost"
"Row495","14/4/2017",2273,"Dust II",10,16,14,7,21,2,40,"Lost"
"Row496","14/4/2017",2082,"Dust II",10,16,3,1,8,0,7,"Lost"
"Row497","14/4/2017",2492,"Dust II",16,11,22,9,20,1,56,"Lost"
"Row498","14/4/2017",1878,"Dust II",16,6,11,3,12,1,34,"Win"
"Row499","14/4/2017",2466,"Dust II",10,16,16,2,14,0,46,"Win"
"Row500","14/4/2017",2369,"Dust II",16,4,16,3,10,4,40,"Win"
"Row501","13/4/2017",1982,"Cache",7,16,13,6,13,1,43,"Win"
"Row502","13/4/2017",2472,"Cache",10,16,8,3,19,1,25,"Win"
"Row503","13/4/2017",1995,"Dust II",16,5,17,2,17,2,44,"Lost"
"Row504","12/4/2017",2003,"Dust II",7,16,11,5,21,0,33,"Lost"
"Row505","12/4/2017",1854,"Dust II",16,8,6,5,18,0,20,"Lost"
"Row506","12/4/2017",2595,"Dust II",16,9,11,2,14,1,33,"Win"
"Row507","11/4/2017",2655,"Dust II",9,16,17,3,19,1,39,"Lost"
"Row508","11/4/2017",2588,"Dust II",15,15,17,5,20,4,43,"Tie"
"Row509","9/4/2017",2285,"Dust II",11,16,20,6,20,4,48,"Win"
"Row510","9/4/2017",2498,"Dust II",10,16,13,1,22,0,28,"Lost"
"Row511","9/4/2017",3244,"Dust II",15,15,23,3,21,2,59,"Tie"
"Row512","8/4/2017",2211,"Dust II",10,16,13,2,16,3,42,"Win"
"Row513","8/4/2017",2644,"Mirage",16,13,20,5,21,1,47,"Win"
"Row514","7/4/2017",2677,"Dust II",15,15,21,2,18,2,53,"Tie"
"Row515","7/4/2017",2574,"Dust II",16,13,13,3,21,2,36,"Win"
"Row516","7/4/2017",2644,"Dust II",16,14,18,5,20,1,44,"Win"
"Row517","7/4/2017",2459,"Dust II",16,10,12,4,19,0,32,"Lost"
"Row518","7/4/2017",2754,"Dust II",14,16,18,8,21,2,49,"Win"
"Row519","7/4/2017",2436,"Dust II",16,9,12,6,23,2,32,"Lost"
"Row520","7/4/2017",2920,"Dust II",14,16,15,5,22,2,46,"Lost"
"Row521","7/4/2017",1595,"Dust II",16,3,8,1,16,1,21,"Lost"
"Row522","6/4/2017",2760,"Dust II",13,16,14,4,21,0,32,"Win"
"Row523","6/4/2017",2378,"Dust II",16,8,13,3,15,1,37,"Win"
"Row524","6/4/2017",2092,"Dust II",5,16,8,2,18,0,20,"Lost"
"Row525","6/4/2017",3024,"Dust II",16,14,11,6,26,0,34,"Lost"
"Row526","6/4/2017",2106,"Dust II",16,6,5,3,3,0,14,"Win"
"Row527","5/4/2017",3228,"Dust II",14,16,13,4,20,1,35,"Lost"
"Row528","5/4/2017",2397,"Dust II",16,12,15,1,15,1,38,"Win"
"Row529","5/4/2017",2329,"Dust II",16,11,13,4,18,0,31,"Lost"
"Row530","5/4/2017",1934,"Mirage",8,16,13,1,19,0,34,"Lost"
"Row531","4/4/2017",1635,"Mirage",16,2,12,3,5,2,27,"Win"
"Row532","4/4/2017",2880,"Dust II",16,14,20,4,23,2,49,"Lost"
"Row533","4/4/2017",1609,"Dust II",3,16,15,5,7,4,45,"Win"
"Row534","3/4/2017",2783,"Mirage",16,13,24,6,18,2,63,"Win"
"Row535","3/4/2017",2324,"Dust II",16,12,1,1,8,0,3,"Win"
"Row536","2/4/2017",1873,"Inferno",5,13,0,0,3,0,0,"Lost"
"Row537","2/4/2017",2565,"Dust II",16,10,22,4,21,3,58,"Lost"
"Row538","2/4/2017",2778,"Dust II",16,13,34,5,19,4,83,"Win"
"Row539","1/4/2017",1940,"Dust II",16,6,13,0,21,1,30,"Lost"
"Row540","1/4/2017",2940,"Dust II",15,15,24,4,22,2,64,"Tie"
"Row541","1/4/2017",2970,"Dust II",16,13,20,7,21,2,56,"Win"
"Row542","1/4/2017",2720,"Dust II",16,11,19,7,20,2,54,"Win"
"Row543","1/4/2017",2356,"Mirage",10,16,18,6,19,1,47,"Lost"
"Row544","1/4/2017",2443,"Dust II",9,16,12,6,21,2,32,"Lost"
"Row545","31/3/2017",2519,"Dust II",16,10,10,4,22,3,34,"Lost"
"Row546","31/3/2017",1733,"Dust II",3,16,22,6,8,3,62,"Win"
"Row547","31/3/2017",2453,"Dust II",16,11,23,3,14,1,55,"Win"
"Row548","31/3/2017",2022,"Dust II",5,16,15,4,18,0,38,"Lost"
"Row549","31/3/2017",2185,"Dust II",16,10,24,6,15,3,59,"Win"
"Row550","31/3/2017",1267,"Dust II",2,14,7,3,12,1,17,"Lost"
"Row551","31/3/2017",2563,"Dust II",12,16,18,2,17,1,44,"Win"
"Row552","31/3/2017",3082,"Overpass",16,14,13,4,17,3,44,"Lost"
"Row553","31/3/2017",2928,"Dust II",15,15,12,3,20,1,34,"Tie"
"Row554","31/3/2017",2018,"Inferno",4,16,7,7,20,0,23,"Lost"
"Row555","30/3/2017",2126,"Dust II",7,16,16,4,21,3,37,"Lost"
"Row556","30/3/2017",1321,"Dust II",1,16,14,2,16,1,30,"Lost"
"Row557","30/3/2017",2712,"Dust II",12,16,19,4,17,5,57,"Lost"
"Row558","30/3/2017",1746,"Dust II",16,3,8,1,17,0,25,"Lost"
"Row559","30/3/2017",2319,"Dust II",16,9,19,5,14,3,53,"Win"
"Row560","29/3/2017",2244,"Dust II",10,16,9,7,21,1,27,"Lost"
"Row561","29/3/2017",2396,"Dust II",16,11,22,3,18,1,53,"Lost"
"Row562","29/3/2017",1760,"Dust II",5,16,17,5,11,1,50,"Win"
"Row563","29/3/2017",1557,"Dust II",16,3,15,1,9,5,36,"Win"
"Row564","29/3/2017",1390,"Dust II",10,7,12,4,11,2,30,"Win"
"Row565","28/3/2017",1900,"Dust II",16,8,5,4,16,1,21,"Lost"
"Row566","28/3/2017",2828,"Dust II",16,14,17,5,24,2,44,"Lost"
"Row567","28/3/2017",2100,"Dust II",6,16,7,6,20,1,20,"Lost"
"Row568","27/3/2017",1616,"Dust II",4,16,10,2,18,1,26,"Lost"
"Row569","27/3/2017",1810,"Dust II",16,4,15,6,20,1,37,"Lost"
"Row570","27/3/2017",2462,"Dust II",16,12,16,3,18,2,41,"Win"
"Row571","27/3/2017",2204,"Dust II",8,16,9,6,15,1,31,"Win"
"Row572","26/3/2017",2977,"Dust II",16,14,23,7,22,2,55,"Lost"
"Row573","26/3/2017",1887,"Dust II",16,6,9,3,21,0,24,"Lost"
"Row574","26/3/2017",1809,"Mirage",6,16,13,6,15,1,35,"Win"
"Row575","26/3/2017",2592,"Overpass",9,16,12,4,21,1,30,"Lost"
"Row576","22/3/2017",2855,"Dust II",15,15,14,7,22,3,43,"Tie"
"Row577","22/3/2017",2772,"Dust II",16,12,18,2,17,1,55,"Lost"
"Row578","22/3/2017",1639,"Cache",5,13,8,3,5,2,23,"Win"
"Row579","22/3/2017",2362,"Dust II",10,16,1,0,4,0,3,"Lost"
"Row580","22/3/2017",2189,"Canals",16,9,15,12,18,1,50,"Win"
"Row581","22/3/2017",1908,"Dust II",16,6,14,2,17,2,35,"Lost"
"Row582","22/3/2017",1645,"Cache",5,16,11,4,10,2,31,"Win"
"Row583","22/3/2017",2552,"Dust II",16,12,14,9,20,0,43,"Win"
"Row584","21/3/2017",3161,"Dust II",15,15,17,6,17,1,44,"Tie"
"Row585","21/3/2017",2234,"Dust II",16,7,11,3,20,1,33,"Lost"
"Row586","20/3/2017",3167,"Dust II",15,15,11,8,25,2,38,"Tie"
"Row587","20/3/2017",2799,"Dust II",15,15,20,8,23,5,58,"Tie"
"Row588","20/3/2017",2125,"Dust II",6,16,8,3,19,0,19,"Lost"
"Row589","20/3/2017",1958,"Dust II",6,16,15,4,17,3,38,"Lost"
"Row590","20/3/2017",937,"Dust II",0,11,7,1,9,0,15,"Lost"
"Row591","20/3/2017",2149,"Mirage",6,16,7,3,12,1,17,"Win"
"Row592","19/3/2017",2341,"Dust II",6,16,10,2,19,1,31,"Lost"
"Row593","19/3/2017",1735,"Dust II",4,16,8,4,18,1,20,"Lost"
"Row594","19/3/2017",2475,"Dust II",16,9,12,6,21,1,36,"Win"
"Row595","18/3/2017",2956,"Dust II",13,16,15,14,21,2,50,"Lost"
"Row596","18/3/2017",1835,"Dust II",16,7,10,0,22,2,25,"Lost"
"Row597","18/3/2017",2102,"Dust II",16,9,18,3,21,2,50,"Lost"
"Row598","18/3/2017",1806,"Dust II",16,2,26,2,10,6,58,"Win"
"Row599","18/3/2017",1965,"Dust II",7,16,15,4,16,3,40,"Win"
"Row600","18/3/2017",2657,"Dust II",12,16,13,5,21,1,38,"Lost"
"Row601","7/3/2017",2880,"Cache",16,14,12,3,11,3,29,"Win"
"Row602","7/3/2017",2091,"Mirage",6,16,9,7,20,0,27,"Lost"
"Row603","6/3/2017",2320,"Mirage",16,8,20,5,14,3,53,"Win"
"Row604","6/3/2017",1705,"Mirage",4,16,7,4,18,0,18,"Lost"
"Row605","3/3/2017",2001,"Cache",8,16,6,12,22,1,32,"Lost"
"Row606","2/3/2017",2573,"Dust II",16,10,16,3,24,0,37,"Win"
"Row607","2/3/2017",1752,"Inferno",16,4,13,4,19,0,37,"Lost"
"Row608","2/3/2017",1385,"Dust II",2,16,10,2,9,0,25,"Win"
"Row609","2/3/2017",2830,"Mirage",16,14,29,5,23,5,81,"Lost"
"Row610","2/3/2017",2714,"Mirage",14,16,16,8,19,1,51,"Win"
"Row611","28/2/2017",1349,"Dust II",16,2,1,2,0,0,4,"Win"
"Row612","27/2/2017",1991,"Dust II",9,16,11,9,19,1,34,"Lost"
"Row613","27/2/2017",2842,"Cobblestone",12,16,16,5,21,4,48,"Win"
"Row614","26/2/2017",2371,"Mirage",16,8,6,0,7,2,15,"Win"
"Row615","26/2/2017",1757,"Dust II",16,4,11,4,16,0,28,"Lost"
"Row616","31/8/2016",2007,"Mirage",16,7,5,0,10,0,13,"Lost"
"Row617","24/8/2016",2470,"Mirage",16,9,15,3,20,3,36,"Win"
"Row618","22/8/2016",2263,"Cache",16,10,19,2,18,3,48,"Win"
"Row619","18/8/2016",1502,"Mirage",16,2,5,4,10,1,22,"Win"
"Row620","9/8/2016",1976,"Mirage",16,7,17,5,14,2,47,"Win"
"Row621","5/8/2016",2218,"Dust II",16,8,19,5,17,2,47,"Win"
"Row622","4/8/2016",2424,"Dust II",16,13,16,4,21,3,40,"Lost"
"Row623","4/8/2016",2409,"Dust II",16,13,20,5,23,2,54,"Lost"
"Row624","3/8/2016",2434,"Inferno",16,7,13,5,16,3,36,"Win"
"Row625","3/8/2016",922,"Mirage",1,11,7,2,4,1,25,"Win"
"Row626","3/8/2016",1534,"Overpass",16,2,13,0,16,1,28,"Lost"
"Row627","2/8/2016",2815,"Cache",16,13,26,7,21,2,66,"Win"
"Row628","2/8/2016",1967,"Cache",16,8,26,5,16,3,68,"Lost"
"Row629","1/8/2016",2562,"Nuke",16,11,4,2,4,0,10,"Win"
"Row630","1/8/2016",2779,"Inferno",13,16,14,6,16,3,38,"Lost"
"Row631","1/8/2016",2335,"Dust II",16,13,12,4,21,1,29,"Lost"
"Row632","6/7/2016",2322,"Mirage",16,8,16,4,17,3,45,"Lost"
"Row633","2/7/2016",1931,"Mirage",16,6,17,3,18,3,48,"Lost"
"Row634","1/7/2016",2748,"Mirage",15,15,32,7,25,5,82,"Tie"
"Row635","1/7/2016",1859,"Mirage",4,16,24,3,8,4,64,"Win"
"Row636","30/6/2016",1564,"Inferno",1,16,8,7,8,0,28,"Win"
"Row637","28/6/2016",1183,"Mirage",3,11,11,2,7,2,32,"Win"
"Row638","27/6/2016",2946,"Mirage",14,16,18,4,20,2,53,"Lost"
"Row639","27/6/2016",1574,"Mirage",16,3,16,7,10,4,42,"Win"
"Row640","27/6/2016",2565,"Mirage",11,16,19,8,20,2,52,"Lost"
"Row641","26/6/2016",1023,"Dust II",1,10,3,1,9,0,7,"Lost"
"Row642","21/6/2016",3049,"Mirage",16,14,21,7,25,5,68,"Lost"
"Row643","13/6/2016",2990,"Dust II",12,16,18,4,23,4,44,"Win"
"Row644","12/6/2016",2481,"Mirage",16,11,24,2,16,2,63,"Win"
"Row645","12/6/2016",2345,"Mirage",16,11,27,6,17,2,66,"Win"
"Row646","12/6/2016",1517,"Dust II",2,16,10,1,17,0,21,"Lost"
"Row647","12/6/2016",1902,"Dust II",16,7,15,3,17,3,44,"Lost"
"Row648","11/6/2016",1800,"Mirage",5,16,11,4,19,1,26,"Lost"
"Row649","10/6/2016",2291,"Inferno",9,16,21,10,20,3,60,"Win"
"Row650","9/6/2016",1971,"Dust II",16,7,12,1,22,2,25,"Lost"
"Row651","6/6/2016",1420,"Dust II",10,4,15,3,10,3,33,"Win"
"Row652","6/6/2016",2346,"Dust II",9,16,11,5,23,1,29,"Lost"
"Row653","5/6/2016",1815,"Mirage",16,3,13,3,11,1,32,"Win"
"Row654","4/6/2016",1463,"Mirage",1,16,12,1,9,2,30,"Win"
"Row655","4/6/2016",2198,"Dust II",16,9,9,2,16,1,28,"Win"
"Row656","1/6/2016",2512,"Inferno",16,11,10,4,22,0,30,"Lost"
"Row657","31/5/2016",3158,"Mirage",15,15,23,4,22,2,64,"Tie"
"Row658","28/2/2016",1828,"Mirage",6,16,9,3,18,1,23,"Lost"
"Row659","28/2/2016",2296,"Cobblestone",16,7,7,5,15,2,23,"Win"
"Row660","27/2/2016",1837,"Mirage",16,6,11,1,8,0,29,"Win"
"Row661","27/2/2016",1803,"Inferno",2,16,12,3,17,0,29,"Lost"
"Row662","27/2/2016",1862,"Mirage",16,4,11,3,9,1,28,"Win"
"Row663","27/2/2016",1961,"Cache",16,5,10,4,17,0,31,"Lost"
"Row664","26/2/2016",2800,"Inferno",15,15,21,3,19,2,54,"Tie"
"Row665","26/2/2016",2526,"Mirage",12,16,13,2,19,4,42,"Win"
"Row666","26/2/2016",2529,"Mirage",10,16,16,2,24,1,40,"Lost"
"Row667","25/2/2016",2459,"Mirage",16,8,15,3,16,1,40,"Win"
"Row668","24/2/2016",3062,"Dust II",15,15,22,4,23,0,55,"Tie"
"Row669","23/2/2016",2580,"Mirage",15,15,11,5,21,3,36,"Tie"
"Row670","23/2/2016",2132,"Inferno",5,16,12,2,14,2,36,"Win"
"Row671","22/2/2016",1899,"Inferno",3,16,3,0,2,0,11,"Win"
"Row672","22/2/2016",3090,"Inferno",13,16,16,5,21,0,46,"Lost"
"Row673","22/2/2016",1867,"Mirage",16,5,13,5,10,1,35,"Win"
"Row674","21/2/2016",2995,"Mirage",16,11,19,4,15,2,58,"Win"
"Row675","21/2/2016",2632,"Mirage",16,12,21,4,19,3,54,"Win"
"Row676","19/2/2016",2840,"Mirage",16,10,16,1,18,5,47,"Win"
"Row677","19/2/2016",2213,"Dust II",16,9,12,4,20,2,33,"Lost"
"Row678","19/2/2016",2219,"Mirage",16,8,12,2,20,2,35,"Lost"
"Row679","18/2/2016",1766,"Dust II",5,16,10,6,13,4,40,"Win"
"Row680","18/2/2016",2318,"Inferno",8,16,17,1,20,2,37,"Lost"
"Row681","16/2/2016",2472,"Mirage",11,16,17,4,23,1,53,"Lost"
"Row682","15/2/2016",2268,"Dust II",12,16,14,6,23,2,40,"Lost"
"Row683","15/2/2016",1889,"Mirage",16,7,6,3,18,1,24,"Lost"
"Row684","13/2/2016",2483,"Mirage",16,10,13,7,22,3,41,"Lost"
"Row685","13/2/2016",2273,"Dust II",16,9,16,5,20,2,48,"Lost"
"Row686","13/2/2016",2090,"Dust II",8,16,14,3,17,2,33,"Win"
"Row687","13/2/2016",2037,"Mirage",16,8,22,6,13,6,63,"Win"
"Row688","13/2/2016",2010,"Dust II",16,8,16,3,13,2,43,"Win"
"Row689","12/2/2016",2388,"Dust II",15,15,17,8,20,1,51,"Tie"
"Row690","12/2/2016",2668,"Mirage",15,15,13,3,23,1,40,"Tie"
"Row691","8/2/2016",1625,"Inferno",2,16,12,0,18,0,24,"Lost"
"Row692","8/2/2016",1761,"Mirage",16,5,4,0,18,0,10,"Lost"
"Row693","8/2/2016",1840,"Mirage",16,6,14,6,12,0,39,"Win"
"Row694","7/2/2016",1514,"Mirage",3,16,6,2,17,0,14,"Lost"
"Row695","7/2/2016",1775,"Dust II",3,16,9,5,19,0,23,"Lost"
"Row696","4/2/2016",1392,"Inferno",16,0,7,4,16,0,22,"Lost"
"Row697","29/1/2016",2632,"Cobblestone",12,16,12,5,20,2,35,"Win"
"Row698","28/1/2016",3079,"Mirage",16,14,7,6,22,0,26,"Win"
"Row699","28/1/2016",2303,"Mirage",9,16,12,3,20,1,29,"Lost"
"Row700","28/1/2016",2363,"Mirage",11,16,20,3,19,1,48,"Lost"
"Row701","24/1/2016",2949,"Mirage",12,16,12,4,19,2,45,"Win"
"Row702","24/1/2016",2450,"Mirage",9,16,9,5,20,0,29,"Win"
"Row703","24/1/2016",2521,"Inferno",16,9,1,1,3,0,3,"Lost"
"Row704","19/1/2016",1534,"Dust II",2,16,8,5,12,2,28,"Win"
"Row705","18/1/2016",2007,"Dust II",6,16,13,1,15,1,33,"Win"
"Row706","18/1/2016",1237,"Dust II",0,16,13,10,8,2,36,"Win"
"Row707","18/1/2016",1786,"Inferno",16,3,11,4,11,1,27,"Win"
"Row708","16/1/2016",2266,"Mirage",16,10,17,5,16,2,47,"Win"
"Row709","14/1/2016",2980,"Inferno",15,15,11,8,23,0,30,"Tie"
"Row710","14/1/2016",2360,"Inferno",16,5,3,0,6,0,7,"Win"
"Row711","9/1/2016",2700,"Inferno",14,16,16,2,18,2,41,"Lost"
"Row712","9/1/2016",2728,"Mirage",14,16,18,5,21,1,44,"Win"
"Row713","9/1/2016",2585,"Mirage",12,16,13,3,21,1,42,"Win"
"Row714","9/1/2016",2045,"Inferno",5,16,13,3,15,3,34,"Win"
"Row715","9/1/2016",1907,"Inferno",16,3,11,1,13,1,25,"Win"
"Row716","9/1/2016",1594,"Inferno",16,1,15,5,9,4,37,"Win"
"Row717","9/1/2016",1515,"Inferno",16,1,1,1,6,0,3,"Lost"
"Row718","9/1/2016",2436,"Inferno",16,9,10,2,17,1,24,"Win"
"Row719","8/1/2016",2707,"Inferno",16,12,18,5,16,0,42,"Win"
"Row720","8/1/2016",3083,"Dust II",13,16,17,6,22,2,43,"Win"
"Row721","6/1/2016",1484,"Mirage",3,16,18,5,9,5,45,"Win"
"Row722","6/1/2016",2897,"Inferno",15,15,19,2,23,2,45,"Tie"
"Row723","5/1/2016",2249,"Mirage",9,16,14,5,20,1,41,"Lost"
"Row724","1/1/2016",3139,"Inferno",16,13,17,3,18,5,45,"Win"
"Row725","31/12/2015",2888,"Cobblestone",16,12,8,1,18,0,23,"Win"
"Row726","29/12/2015",1951,"Mirage",6,16,14,2,13,1,41,"Win"
"Row727","28/12/2015",1646,"Mirage",16,3,7,5,9,0,26,"Win"
"Row728","28/12/2015",1617,"Mirage",16,4,5,4,18,0,20,"Lost"
"Row729","28/12/2015",2728,"Mirage",15,15,30,5,19,4,75,"Tie"
"Row730","28/12/2015",1762,"Dust II",4,16,6,4,18,2,22,"Lost"
"Row731","27/12/2015",2967,"Inferno",15,15,9,4,23,2,27,"Tie"
"Row732","24/12/2015",1592,"Inferno",16,3,7,8,12,1,25,"Win"
"Row733","24/12/2015",1720,"Mirage",16,2,6,2,18,0,18,"Lost"
"Row734","24/12/2015",2269,"Inferno",7,16,10,2,15,1,26,"Win"
"Row735","23/12/2015",2917,"Inferno",16,12,15,4,21,1,36,"Lost"
"Row736","23/12/2015",2780,"Inferno",16,12,13,6,21,2,39,"Win"
"Row737","23/12/2015",1883,"Mirage",7,16,17,5,18,2,49,"Win"
"Row738","23/12/2015",2286,"Dust II",16,9,12,6,19,3,39,"Lost"
"Row739","22/12/2015",1973,"Inferno",16,4,10,0,17,0,23,"Lost"
"Row740","22/12/2015",1963,"Dust II",16,6,15,3,10,3,40,"Win"
"Row741","22/12/2015",2299,"Mirage",9,16,8,4,16,0,28,"Win"
"Row742","21/12/2015",1880,"Dust II",16,4,10,4,11,3,28,"Win"
"Row743","21/12/2015",1961,"Mirage",16,5,9,3,17,2,25,"Lost"
"Row744","21/12/2015",2259,"Dust II",16,8,22,5,13,2,52,"Win"
"Row745","20/12/2015",3060,"Inferno",15,15,14,6,25,0,37,"Tie"
"Row746","20/12/2015",1529,"Mirage",2,16,1,2,10,0,4,"Lost"
"Row747","20/12/2015",2163,"Inferno",16,10,11,9,18,2,35,"Win"
"Row748","19/12/2015",2294,"Mirage",7,16,20,2,19,1,50,"Lost"
"Row749","19/12/2015",2293,"Dust II",8,16,19,4,14,7,51,"Win"
"Row750","19/12/2015",1585,"Cache",16,3,15,5,6,2,38,"Win"
"Row751","19/12/2015",2231,"Cobblestone",11,16,21,3,22,3,54,"Lost"
"Row752","19/12/2015",1796,"Dust II",3,16,22,2,10,2,51,"Win"
"Row753","18/12/2015",1953,"Inferno",16,6,10,4,13,1,27,"Win"
"Row754","18/12/2015",2437,"Inferno",16,11,17,5,23,2,45,"Lost"
"Row755","18/12/2015",2287,"Mirage",8,16,16,1,14,4,47,"Win"
"Row756","17/12/2015",2345,"Inferno",9,16,10,2,12,1,33,"Win"
"Row757","16/12/2015",2900,"Dust II",15,15,13,4,25,1,39,"Tie"
"Row758","16/12/2015",1708,"Mirage",16,4,11,1,20,0,27,"Lost"
"Row759","15/12/2015",2052,"Mirage",3,16,16,2,9,3,49,"Win"
"Row760","15/12/2015",2820,"Inferno",16,11,16,4,23,1,42,"Lost"
"Row761","14/12/2015",2171,"Dust II",7,16,15,2,18,0,32,"Lost"
"Row762","14/12/2015",1641,"Mirage",16,1,5,5,17,0,15,"Lost"
"Row763","14/12/2015",1842,"Mirage",5,16,5,2,17,0,12,"Lost"
"Row764","13/12/2015",2347,"Mirage",16,7,8,4,16,2,28,"Win"
"Row765","12/12/2015",2221,"Mirage",16,8,16,2,18,1,43,"Lost"
"Row766","12/12/2015",1842,"Mirage",16,6,9,0,8,0,21,"Win"
"Row767","12/12/2015",2504,"Mirage",15,15,21,1,22,3,48,"Tie"
"Row768","11/12/2015",2359,"Mirage",12,16,11,3,25,1,29,"Lost"
"Row769","11/12/2015",2839,"Mirage",14,16,27,6,20,2,71,"Lost"
"Row770","11/12/2015",2878,"Cobblestone",16,13,16,1,23,3,40,"Lost"
"Row771","11/12/2015",1773,"Mirage",16,7,11,2,13,2,28,"Win"
"Row772","11/12/2015",2445,"Dust II",11,16,12,0,21,2,33,"Lost"
"Row773","11/12/2015",2455,"Mirage",16,11,11,3,25,1,31,"Lost"
"Row774","11/12/2015",2297,"Cache",11,16,11,4,17,0,36,"Win"
"Row775","10/12/2015",1990,"Dust II",11,13,6,5,15,1,19,"Lost"
"Row776","10/12/2015",2422,"Mirage",16,6,6,2,17,1,27,"Lost"
"Row777","10/12/2015",2581,"Cache",15,15,13,3,24,1,40,"Tie"
"Row778","10/12/2015",3193,"Inferno",15,15,16,5,25,0,41,"Tie"
"Row779","10/12/2015",2652,"Cobblestone",16,12,18,4,21,1,46,"Win"
"Row780","9/12/2015",2751,"Mirage",15,15,19,3,23,2,48,"Tie"
"Row781","9/12/2015",2459,"Dust II",16,10,7,5,22,0,22,"Lost"
"Row782","9/12/2015",1659,"Inferno",1,16,12,1,16,0,25,"Lost"
"Row783","9/12/2015",2210,"Inferno",7,16,16,1,15,2,35,"Lost"
"Row784","8/12/2015",2415,"Dust II",11,16,10,5,23,1,27,"Lost"
"Row785","8/12/2015",2952,"Mirage",15,15,19,2,20,1,47,"Tie"
"Row786","8/12/2015",2471,"Inferno",16,7,17,3,17,2,45,"Win"
"Row787","8/12/2015",1899,"Italy",16,4,7,4,17,0,22,"Lost"
"Row788","7/12/2015",2770,"Inferno",12,16,31,5,16,4,71,"Win"
"Row789","6/12/2015",3165,"Inferno",15,15,20,5,20,2,53,"Tie"
"Row790","6/12/2015",2601,"Cobblestone",16,11,20,3,20,1,47,"Lost"
"Row791","5/12/2015",1856,"Dust II",16,8,17,2,14,0,45,"Win"
"Row792","5/12/2015",2508,"Inferno",16,10,11,3,20,0,27,"Lost"
"Row793","5/12/2015",2273,"Inferno",10,16,14,5,22,1,35,"Lost"
"Row794","5/12/2015",2646,"Dust II",16,12,19,6,24,3,59,"Lost"
"Row795","5/12/2015",1582,"Dust II",2,16,15,5,11,2,42,"Win"
"Row796","4/12/2015",3192,"Dust II",13,16,10,2,21,3,26,"Win"
"Row797","2/12/2015",3041,"Mirage",15,15,22,4,22,4,61,"Tie"
"Row798","29/11/2015",1564,"Mirage",4,16,5,5,17,0,16,"Lost"
"Row799","29/11/2015",2889,"Mirage",14,16,15,6,23,1,45,"Lost"
"Row800","28/11/2015",2445,"Mirage",9,16,12,2,20,1,33,"Lost"
"Row801","28/11/2015",1610,"Dust II",16,3,14,2,17,1,36,"Lost"
"Row802","28/11/2015",2225,"Dust II",16,9,16,4,20,2,46,"Lost"
"Row803","28/11/2015",3041,"Dust II",15,15,11,6,20,1,37,"Tie"
"Row804","27/11/2015",2249,"Mirage",10,16,21,2,15,3,49,"Win"
"Row805","27/11/2015",2382,"Mirage",9,16,13,5,19,1,33,"Lost"
"Row806","27/11/2015",1377,"Dust II",16,1,13,5,8,1,33,"Win"
"Row807","27/11/2015",2140,"Dust II",16,6,14,3,19,1,39,"Lost"
"Row808","27/11/2015",2271,"Dust II",16,9,11,5,14,1,29,"Win"
"Row809","26/11/2015",2799,"Dust II",15,15,18,3,23,1,49,"Tie"
"Row810","26/11/2015",1536,"Mirage",3,16,11,6,8,1,39,"Win"
"Row811","26/11/2015",2344,"Dust II",16,12,13,6,22,1,35,"Win"
"Row812","25/11/2015",2496,"Dust II",13,16,8,8,22,2,30,"Lost"
"Row813","25/11/2015",2153,"Mirage",4,16,3,1,9,0,7,"Lost"
"Row814","24/11/2015",2115,"Dust II",6,16,16,4,13,3,41,"Win"
"Row815","24/11/2015",1649,"Dust II",16,4,15,4,12,3,35,"Win"
"Row816","23/11/2015",2622,"Dust II",16,11,20,4,17,1,49,"Win"
"Row817","23/11/2015",2582,"Mirage",16,11,19,6,21,3,49,"Lost"
"Row818","21/11/2015",1814,"Mirage",16,5,9,1,17,0,28,"Lost"
"Row819","21/11/2015",1864,"Mirage",16,5,20,4,10,4,50,"Win"
"Row820","20/11/2015",2966,"Mirage",16,12,20,5,20,4,52,"Win"
"Row821","16/11/2015",2281,"Dust II",9,16,18,4,17,1,49,"Win"
"Row822","15/11/2015",3070,"Inferno",12,16,19,3,19,3,48,"Win"
"Row823","15/11/2015",1929,"Inferno",2,16,5,2,16,0,12,"Lost"
"Row824","14/11/2015",1823,"Dust II",16,4,12,7,14,2,33,"Win"
"Row825","14/11/2015",2553,"Dust II",16,9,28,4,18,4,62,"Win"
"Row826","14/11/2015",2772,"Dust II",13,16,12,3,22,0,32,"Lost"
"Row827","13/11/2015",2501,"Dust II",11,16,14,1,18,0,34,"Lost"
"Row828","13/11/2015",2778,"Mirage",14,16,12,5,23,1,36,"Lost"
"Row829","12/11/2015",2527,"Dust II",16,8,25,4,16,1,56,"Win"
"Row830","12/11/2015",2482,"Dust II",16,10,17,4,16,1,50,"Win"
"Row831","12/11/2015",2073,"Mirage",6,16,18,5,12,3,52,"Win"
"Row832","12/11/2015",2219,"Mirage",16,9,19,4,17,3,47,"Win"
"Row833","11/11/2015",1835,"Dust II",2,16,12,1,17,1,26,"Lost"
"Row834","11/11/2015",1627,"Dust II",16,4,12,2,17,3,33,"Lost"
"Row835","10/11/2015",2239,"Mirage",16,8,14,1,19,1,35,"Lost"
"Row836","10/11/2015",1912,"Dust II",8,16,10,2,19,1,26,"Lost"
"Row837","10/11/2015",2340,"Overpass",16,9,19,3,18,3,46,"Lost"
"Row838","10/11/2015",2769,"Mirage",16,12,26,3,19,6,67,"Win"
"Row839","10/11/2015",2095,"Dust II",16,5,9,3,18,1,28,"Lost"
"Row840","9/11/2015",2053,"Cache",16,8,7,1,21,2,23,"Lost"
"Row841","9/11/2015",2090,"Dust II",16,9,16,6,17,3,44,"Win"
"Row842","9/11/2015",1204,"Dust II",0,16,7,0,16,0,14,"Lost"
"Row843","9/11/2015",1946,"Mirage",5,16,8,3,14,0,19,"Lost"
"Row844","9/11/2015",2606,"Mirage",9,16,19,3,16,2,47,"Win"
"Row845","8/11/2015",2792,"Dust II",14,16,15,5,22,1,42,"Lost"
"Row846","8/11/2015",2634,"Inferno",16,13,21,8,23,2,50,"Win"
"Row847","8/11/2015",2640,"Mirage",12,16,17,10,23,1,52,"Win"
"Row848","7/11/2015",983,"Mirage",1,16,7,0,17,0,14,"Lost"
"Row849","7/11/2015",1590,"Dust II",16,3,13,1,5,3,33,"Win"
"Row850","7/11/2015",1875,"Mirage",6,16,10,4,18,2,29,"Lost"
"Row851","7/11/2015",2110,"Inferno",16,7,15,4,14,2,36,"Win"
"Row852","7/11/2015",1851,"Inferno",16,5,14,4,13,2,44,"Win"
"Row853","7/11/2015",2683,"Inferno",16,13,21,3,16,3,52,"Win"
"Row854","6/11/2015",2594,"Mirage",16,14,22,3,19,5,68,"Win"
"Row855","5/11/2015",3223,"Dust II",14,16,13,7,22,1,44,"Lost"
"Row856","5/11/2015",2198,"Overpass",9,16,13,9,21,0,43,"Lost"
"Row857","5/11/2015",1521,"Mirage",16,1,6,3,17,0,19,"Lost"
"Row858","5/11/2015",2293,"Mirage",16,11,21,7,21,3,53,"Lost"
"Row859","4/11/2015",1597,"Dust II",16,2,13,5,10,1,33,"Win"
"Row860","4/11/2015",2466,"Dust II",11,16,20,6,20,1,48,"Win"
"Row861","3/11/2015",2282,"Dust II",9,16,9,1,8,2,21,"Lost"
"Row862","2/11/2015",3040,"Cobblestone",15,15,27,1,21,4,64,"Tie"
"Row863","2/11/2015",1871,"Dust II",16,6,17,3,14,1,37,"Win"
"Row864","1/11/2015",2789,"Inferno",16,11,15,7,17,3,43,"Win"
"Row865","30/10/2015",3344,"Inferno",14,16,14,5,22,1,36,"Lost"
"Row866","30/10/2015",2859,"Nuke",11,16,14,8,23,3,43,"Lost"
"Row867","28/10/2015",1878,"Inferno",16,6,0,0,1,0,0,"Lost"
"Row868","28/10/2015",2329,"Inferno",13,16,12,4,22,1,34,"Lost"
"Row869","27/10/2015",2266,"Cache",16,9,30,6,16,4,76,"Win"
"Row870","27/10/2015",2248,"Mirage",9,16,13,7,20,1,35,"Lost"
"Row871","24/10/2015",2527,"Inferno",16,12,11,5,21,0,27,"Win"
"Row872","23/10/2015",2203,"Mirage",16,9,14,2,20,1,36,"Lost"
"Row873","23/10/2015",2087,"Overpass",8,16,17,1,18,1,40,"Lost"
"Row874","23/10/2015",2831,"Dust II",16,13,19,4,18,0,51,"Lost"
"Row875","20/10/2015",1576,"Dust II",16,4,12,2,17,1,26,"Lost"
"Row876","20/10/2015",1992,"Mirage",6,13,9,5,15,2,25,"Lost"
"Row877","20/10/2015",1644,"Dust II",16,4,11,0,13,3,24,"Win"
"Row878","20/10/2015",1433,"Dust II",3,16,9,3,18,0,21,"Lost"
"Row879","19/10/2015",2050,"Mirage",4,16,12,2,12,3,36,"Win"
"Row880","19/10/2015",2478,"Dust II",12,16,17,4,19,1,40,"Win"
"Row881","17/10/2015",2204,"Dust II",9,16,26,6,16,6,71,"Win"
"Row882","17/10/2015",2364,"Mirage",12,16,24,3,20,2,62,"Lost"
"Row883","17/10/2015",2100,"Mirage",16,7,5,0,15,1,15,"Lost"
"Row884","16/10/2015",2489,"Mirage",12,16,12,7,19,2,34,"Lost"
"Row885","16/10/2015",1927,"Dust II",7,16,14,8,16,1,42,"Win"
"Row886","16/10/2015",1770,"Mirage",4,16,12,4,16,1,35,"Lost"
"Row887","16/10/2015",2373,"Inferno",16,9,25,3,22,3,58,"Lost"
"Row888","16/10/2015",1671,"Dust II",16,5,22,10,11,3,58,"Win"
"Row889","16/10/2015",2817,"Cache",14,16,13,4,22,2,45,"Win"
"Row890","15/10/2015",2538,"Inferno",13,16,18,4,15,2,47,"Win"
"Row891","14/10/2015",2677,"Dust II",16,12,17,2,13,3,47,"Lost"
"Row892","13/10/2015",2311,"Dust II",6,16,8,5,20,0,21,"Lost"
"Row893","13/10/2015",2166,"Dust II",16,8,11,8,17,3,39,"Win"
"Row894","13/10/2015",2496,"Mirage",11,16,25,5,15,2,68,"Win"
"Row895","13/10/2015",2442,"Dust II",9,16,17,6,19,1,45,"Lost"
"Row896","12/10/2015",2650,"Mirage",12,16,11,4,18,2,32,"Lost"
"Row897","12/10/2015",2075,"Dust II",7,16,25,3,13,4,62,"Win"
"Row898","12/10/2015",1554,"Inferno",16,2,15,2,10,4,32,"Win"
"Row899","11/10/2015",2965,"Mirage",14,16,13,10,19,2,46,"Lost"
"Row900","11/10/2015",1708,"Dust II",4,16,19,4,10,4,48,"Win"
"Row901","11/10/2015",1688,"Dust II",16,5,8,2,19,0,22,"Lost"
"Row902","11/10/2015",1688,"Inferno",16,6,11,7,11,0,33,"Win"
"Row903","11/10/2015",2203,"Nuke",16,9,7,4,22,0,18,"Lost"
"Row904","10/10/2015",1818,"Cache",5,16,10,4,12,1,34,"Win"
"Row905","10/10/2015",1831,"Dust II",16,6,10,2,13,0,31,"Lost"
"Row906","10/10/2015",1699,"Mirage",5,16,11,2,11,1,34,"Win"
"Row907","9/10/2015",1997,"Cache",16,6,10,1,18,2,23,"Lost"
"Row908","9/10/2015",1790,"Mirage",5,16,7,3,18,0,21,"Lost"
"Row909","9/10/2015",2168,"Dust II",9,16,12,5,20,2,31,"Lost"
"Row910","9/10/2015",2272,"Dust II",10,16,14,8,18,2,43,"Lost"
"Row911","9/10/2015",1612,"Overpass",2,16,10,4,16,2,29,"Lost"
"Row912","9/10/2015",2379,"Nuke",16,13,12,5,25,0,32,"Lost"
"Row913","8/10/2015",3403,"Dust II",16,14,16,5,25,2,42,"Lost"
"Row914","7/10/2015",2656,"Dust II",15,15,13,7,22,1,45,"Tie"
"Row915","6/10/2015",2688,"Inferno",12,16,24,9,22,3,61,"Lost"
"Row916","6/10/2015",1664,"Mirage",2,16,22,4,10,3,52,"Win"
"Row917","6/10/2015",2492,"Dust II",12,16,30,5,18,6,71,"Win"
"Row918","6/10/2015",2391,"Cache",10,16,21,5,20,4,53,"Lost"
"Row919","5/10/2015",2348,"Dust II",9,16,19,6,14,2,51,"Win"
"Row920","4/10/2015",1211,"Inferno",2,10,11,2,9,2,24,"Lost"
"Row921","3/10/2015",2260,"Inferno",16,4,13,3,12,3,31,"Win"
"Row922","2/10/2015",2537,"Inferno",16,11,18,3,24,1,43,"Lost"
"Row923","2/10/2015",2773,"Mirage",16,13,14,5,24,3,43,"Lost"
"Row924","1/10/2015",2287,"Dust II",6,16,17,1,13,2,46,"Win"
"Row925","1/10/2015",1989,"Inferno",6,16,5,3,14,0,19,"Win"
"Row926","1/10/2015",1913,"Inferno",16,5,15,6,19,2,37,"Lost"
"Row927","30/9/2015",2677,"Inferno",12,16,24,3,22,5,59,"Lost"
"Row928","29/9/2015",2479,"Inferno",9,16,23,4,17,4,61,"Lost"
"Row929","29/9/2015",3039,"Inferno",16,13,20,14,21,2,62,"Win"
"Row930","28/9/2015",2542,"Inferno",16,11,15,8,18,2,38,"Win"
"Row931","28/9/2015",2560,"Inferno",10,16,10,9,18,1,29,"Lost"
"Row932","28/9/2015",2630,"Inferno",16,10,15,4,20,2,43,"Lost"
"Row933","28/9/2015",2835,"Inferno",16,12,24,2,17,4,55,"Win"
"Row934","28/9/2015",2339,"Dust II",16,9,13,3,20,2,36,"Win"
"Row935","27/9/2015",2066,"Dust II",16,9,13,1,17,1,29,"Win"
"Row936","26/9/2015",2340,"Dust II",16,9,7,2,10,0,30,"Lost"
"Row937","25/9/2015",2353,"Dust II",16,10,19,4,18,3,56,"Win"
"Row938","25/9/2015",2888,"Inferno",14,16,28,7,22,4,72,"Win"
"Row939","25/9/2015",1644,"Inferno",3,16,7,2,16,0,18,"Lost"
"Row940","25/9/2015",2680,"Dust II",16,14,19,4,21,3,50,"Win"
"Row941","25/9/2015",2795,"Mirage",13,16,15,6,23,0,39,"Lost"
"Row942","24/9/2015",2597,"Dust II",16,8,7,7,16,1,31,"Win"
"Row943","24/9/2015",1993,"Dust II",5,16,14,3,12,2,42,"Win"
"Row944","22/9/2015",2637,"Cache",13,16,13,4,21,2,39,"Lost"
"Row945","21/9/2015",1950,"Dust II",7,16,7,0,14,2,24,"Win"
"Row946","21/9/2015",2719,"Mirage",16,14,9,6,22,1,33,"Win"
"Row947","21/9/2015",2185,"Dust II",10,16,19,2,11,2,56,"Win"
"Row948","20/9/2015",2666,"Dust II",16,10,13,8,19,4,46,"Lost"
"Row949","19/9/2015",1536,"Inferno",4,16,14,5,18,1,38,"Lost"
"Row950","19/9/2015",2056,"Inferno",9,16,11,2,21,1,24,"Lost"
"Row951","19/9/2015",1987,"Dust II",16,5,6,3,16,0,19,"Lost"
"Row952","19/9/2015",1335,"Dust II",1,16,7,2,17,1,16,"Lost"
"Row953","18/9/2015",2621,"Mirage",16,13,15,6,26,0,40,"Lost"
"Row954","18/9/2015",2011,"Mirage",16,3,13,1,17,1,36,"Lost"
"Row955","18/9/2015",2884,"Inferno",13,16,13,10,21,3,42,"Win"
"Row956","18/9/2015",1816,"Dust II",7,16,13,3,17,1,31,"Lost"
"Row957","17/9/2015",2063,"Dust II",6,16,9,4,18,1,22,"Lost"
"Row958","17/9/2015",2168,"Mirage",16,7,12,4,18,0,33,"Lost"
"Row959","17/9/2015",2013,"Dust II",16,7,15,7,15,2,43,"Win"
"Row960","16/9/2015",1116,"Inferno",2,10,7,0,5,2,27,"Win"
"Row961","16/9/2015",2766,"Dust II",15,15,9,4,23,0,28,"Tie"
"Row962","16/9/2015",2017,"Dust II",5,16,11,3,15,2,38,"Win"
"Row963","16/9/2015",2368,"Dust II",16,10,12,5,17,1,35,"Win"
"Row964","16/9/2015",2976,"Dust II",16,14,14,3,24,0,34,"Lost"
"Row965","16/9/2015",2670,"Mirage",16,12,6,5,21,0,24,"Lost"
"Row966","15/9/2015",2031,"Mirage",16,7,13,6,16,1,33,"Win"
"Row967","15/9/2015",2170,"Dust II",16,8,9,5,17,1,31,"Win"
"Row968","15/9/2015",3007,"Dust II",15,15,28,4,19,3,74,"Tie"
"Row969","15/9/2015",2199,"Dust II",6,16,19,6,14,4,59,"Win"
"Row970","14/9/2015",1927,"Dust II",16,5,12,5,12,1,34,"Win"
"Row971","14/9/2015",2019,"Dust II",9,16,18,3,19,2,48,"Lost"
"Row972","14/9/2015",2419,"Mirage",12,16,18,3,19,2,53,"Lost"
"Row973","14/9/2015",1737,"Dust II",16,2,15,5,16,0,41,"Lost"
"Row974","13/9/2015",2210,"Inferno",16,9,19,6,21,2,50,"Lost"
"Row975","13/9/2015",1606,"Dust II",2,16,11,2,8,1,32,"Win"
"Row976","12/9/2015",2402,"Cache",9,16,9,3,14,1,22,"Lost"
"Row977","12/9/2015",2633,"Dust II",14,16,15,2,24,2,35,"Lost"
"Row978","12/9/2015",1515,"Dust II",16,1,17,4,8,3,39,"Win"
"Row979","12/9/2015",2161,"Dust II",16,7,26,7,16,3,67,"Win"
"Row980","11/9/2015",1640,"Dust II",16,2,10,3,18,0,28,"Lost"
"Row981","10/9/2015",3109,"Dust II",16,14,13,4,22,1,33,"Lost"
"Row982","10/9/2015",1921,"Mirage",16,5,21,6,15,1,52,"Win"
"Row983","10/9/2015",2256,"Dust II",16,11,23,10,16,3,60,"Win"
"Row984","9/9/2015",2445,"Dust II",16,9,22,4,16,2,51,"Win"
"Row985","7/9/2015",2525,"Inferno",8,16,17,6,16,4,47,"Win"
"Row986","7/9/2015",2411,"Cache",16,10,14,5,17,1,39,"Win"
"Row987","6/9/2015",1631,"Mirage",3,16,10,4,18,1,26,"Lost"
"Row988","6/9/2015",1904,"Dust II",6,16,17,5,13,1,51,"Win"
"Row989","5/9/2015",2459,"Cache",12,16,0,0,5,0,0,"Win"
"Row990","5/9/2015",2233,"Cache",9,16,18,3,23,1,41,"Lost"
"Row991","4/9/2015",2684,"Dust II",16,12,26,8,17,2,70,"Lost"
"Row992","4/9/2015",2928,"Cache",16,11,16,5,19,1,41,"Win"
"Row993","3/9/2015",2935,"Mirage",12,16,10,6,18,3,36,"Win"
"Row994","3/9/2015",3028,"Inferno",15,15,20,5,21,2,49,"Tie"
"Row995","3/9/2015",1258,"Inferno",16,0,7,4,16,0,18,"Lost"
"Row996","2/9/2015",2760,"Cache",12,16,27,4,19,8,80,"Lost"
"Row997","2/9/2015",2353,"Mirage",16,9,13,7,22,0,40,"Lost"
"Row998","1/9/2015",1520,"Dust II",16,4,10,1,17,0,24,"Lost"
"Row999","1/9/2015",2521,"Dust II",12,16,24,8,22,3,61,"Win"
"Row1000","1/9/2015",2143,"Dust II",7,16,14,3,20,2,31,"Lost"
"Row1001","1/9/2015",1518,"Dust II",16,4,7,3,17,1,24,"Lost"
"Row1002","31/8/2015",2979,"Dust II",13,16,21,6,23,3,61,"Win"
"Row1003","31/8/2015",1707,"Mirage",16,5,16,3,16,2,40,"Lost"
"Row1004","31/8/2015",1814,"Mirage",16,3,13,1,16,2,30,"Lost"
"Row1005","30/8/2015",1938,"Mirage",5,16,10,7,13,1,35,"Win"
"Row1006","30/8/2015",3110,"Dust II",15,15,18,6,22,3,53,"Tie"
"Row1007","30/8/2015",2616,"Overpass",16,11,16,4,15,2,41,"Win"
"Row1008","30/8/2015",1557,"Overpass",16,2,8,2,18,0,20,"Lost"
"Row1009","29/8/2015",2763,"Dust II",16,12,20,4,19,3,51,"Win"
"Row1010","29/8/2015",2616,"Mirage",16,11,14,8,20,4,47,"Lost"
"Row1011","29/8/2015",2014,"Mirage",16,5,14,3,18,1,36,"Lost"
"Row1012","29/8/2015",2110,"Cache",10,16,21,6,19,3,58,"Lost"
"Row1013","28/8/2015",2846,"Inferno",12,16,22,12,21,3,64,"Win"
"Row1014","28/8/2015",2101,"Mirage",16,6,15,6,10,3,46,"Win"
"Row1015","28/8/2015",1922,"Dust II",16,6,17,2,17,1,44,"Lost"
"Row1016","27/8/2015",1730,"Mirage",5,16,20,8,9,7,60,"Win"
"Row1017","26/8/2015",1878,"Dust II",16,7,17,5,18,4,48,"Lost"
"Row1018","26/8/2015",2594,"Inferno",15,15,22,1,18,4,53,"Tie"
"Row1019","26/8/2015",2749,"Mirage",16,13,25,7,18,3,63,"Win"
"Row1020","25/8/2015",2443,"Mirage",16,12,20,4,22,2,48,"Lost"
"Row1021","25/8/2015",2644,"Inferno",11,16,10,3,21,0,23,"Lost"
"Row1022","25/8/2015",2851,"Mirage",14,16,14,10,24,0,45,"Lost"
"Row1023","22/8/2015",2758,"Mirage",12,16,13,6,22,2,41,"Win"
"Row1024","22/8/2015",1662,"Inferno",4,13,11,2,9,1,29,"Win"
"Row1025","22/8/2015",1929,"Mirage",16,7,18,5,19,2,47,"Lost"
"Row1026","19/8/2015",2408,"Mirage",9,16,9,6,21,0,27,"Lost"
"Row1027","18/8/2015",2312,"Mirage",11,16,17,4,17,4,47,"Win"
"Row1028","18/8/2015",1968,"Mirage",6,16,11,6,19,3,31,"Lost"
"Row1029","18/8/2015",1388,"Dust II",4,13,11,4,6,2,46,"Win"
"Row1030","17/8/2015",2564,"Mirage",16,12,10,8,23,2,33,"Lost"
"Row1031","16/8/2015",1970,"Cache",5,16,11,4,18,2,29,"Lost"
"Row1032","16/8/2015",1957,"Dust II",5,16,2,3,7,0,7,"Lost"
"Row1033","16/8/2015",2741,"Inferno",16,14,22,7,22,3,55,"Win"
"Row1034","16/8/2015",2625,"Mirage",15,15,29,3,22,3,70,"Tie"
"Row1035","16/8/2015",2789,"Mirage",15,15,15,5,22,1,41,"Tie"
"Row1036","15/8/2015",2326,"Mirage",12,16,15,5,18,1,39,"Lost"
"Row1037","15/8/2015",1909,"Inferno",16,6,20,5,14,3,51,"Win"
"Row1038","15/8/2015",2236,"Inferno",16,7,24,2,10,6,57,"Win"
"Row1039","14/8/2015",2650,"Mirage",13,16,24,8,20,6,60,"Win"
"Row1040","14/8/2015",2479,"Inferno",10,16,15,3,17,1,40,"Win"
"Row1041","14/8/2015",1567,"Mirage",16,2,17,3,7,1,38,"Win"
"Row1042","13/8/2015",2874,"Mirage",16,13,18,5,22,1,52,"Lost"
"Row1043","13/8/2015",1906,"Inferno",5,16,10,2,17,1,24,"Lost"
"Row1044","13/8/2015",1893,"Mirage",3,16,14,3,17,0,33,"Lost"
"Row1045","12/8/2015",2642,"Mirage",16,11,26,4,14,4,64,"Win"
"Row1046","12/8/2015",1512,"Mirage",16,2,0,1,7,0,1,"Lost"
"Row1047","12/8/2015",1589,"Inferno",16,4,13,8,8,2,38,"Win"
"Row1048","12/8/2015",2579,"Inferno",13,16,21,5,17,4,53,"Lost"
"Row1049","11/8/2015",2438,"Mirage",16,8,14,1,21,2,34,"Lost"
"Row1050","11/8/2015",2219,"Inferno",6,16,11,10,13,1,42,"Win"
"Row1051","11/8/2015",2791,"Inferno",10,16,22,6,17,5,64,"Win"
"Row1052","11/8/2015",1848,"Dust II",5,16,9,7,16,3,37,"Win"
"Row1053","11/8/2015",630,"Dust II",10,0,9,1,1,2,19,"Win"
"Row1054","11/8/2015",2151,"Mirage",9,16,14,9,18,3,41,"Lost"
"Row1055","11/8/2015",2705,"Mirage",15,15,19,6,17,2,55,"Tie"
"Row1056","11/8/2015",1288,"Mirage",2,16,9,5,6,2,35,"Win"
"Row1057","9/8/2015",2280,"Inferno",6,16,11,2,16,1,24,"Lost"
"Row1058","9/8/2015",2740,"Mirage",13,16,15,6,19,1,49,"Win"
"Row1059","9/8/2015",2073,"Mirage",16,9,21,3,15,3,56,"Win"
"Row1060","9/8/2015",1654,"Inferno",16,4,13,2,13,3,32,"Win"
"Row1061","9/8/2015",2252,"Mirage",16,10,16,7,15,2,47,"Win"
"Row1062","9/8/2015",2156,"Mirage",16,13,17,3,20,1,48,"Lost"
"Row1063","9/8/2015",2975,"Mirage",16,14,23,7,21,4,57,"Lost"
"Row1064","8/8/2015",2651,"Inferno",12,16,18,6,20,2,46,"Lost"
"Row1065","8/8/2015",1712,"Inferno",2,16,16,2,9,2,44,"Win"
"Row1066","8/8/2015",1545,"Inferno",2,16,6,4,17,1,16,"Lost"
"Row1067","8/8/2015",1876,"Mirage",16,4,10,4,20,0,26,"Lost"
"Row1068","8/8/2015",2215,"Dust II",11,16,26,5,21,4,62,"Win"
"Row1069","8/8/2015",2551,"Dust II",16,13,22,5,21,1,54,"Win"
"Row1070","8/8/2015",1695,"Inferno",16,4,16,11,7,3,44,"Win"
"Row1071","8/8/2015",1592,"Dust II",4,16,8,5,18,1,25,"Lost"
"Row1072","8/8/2015",1951,"Mirage",5,16,9,1,20,0,19,"Lost"
"Row1073","8/8/2015",2355,"Mirage",10,16,19,2,16,3,49,"Win"
"Row1074","8/8/2015",1906,"Inferno",16,4,13,7,8,0,39,"Win"
"Row1075","7/8/2015",1851,"Mirage",5,16,14,2,12,1,36,"Win"
"Row1076","7/8/2015",2427,"Inferno",16,8,23,5,11,2,53,"Win"
"Row1077","7/8/2015",2146,"Inferno",8,16,16,3,19,1,35,"Lost"
"Row1078","7/8/2015",2075,"Dust II",10,16,14,6,17,2,43,"Win"
"Row1079","7/8/2015",2576,"Inferno",16,10,27,3,13,7,69,"Win"
"Row1080","7/8/2015",2473,"Mirage",14,16,22,8,22,1,57,"Lost"
"Row1081","6/8/2015",1940,"Mirage",16,6,15,1,9,2,39,"Win"
"Row1082","6/8/2015",2267,"Inferno",16,10,13,4,15,0,30,"Win"
"Row1083","5/8/2015",2624,"Inferno",11,16,20,10,17,1,64,"Win"
"Row1084","5/8/2015",1298,"Dust II",1,16,13,4,16,0,30,"Lost"
"Row1085","5/8/2015",2254,"Mirage",11,16,21,1,18,1,50,"Lost"
"Row1086","5/8/2015",2667,"Inferno",14,16,25,6,22,3,63,"Lost"
"Row1087","5/8/2015",2654,"Dust II",16,13,20,7,22,2,54,"Lost"
"Row1088","5/8/2015",1451,"Mirage",16,1,5,1,16,1,11,"Lost"
"Row1089","5/8/2015",1465,"Dust II",16,3,7,3,18,1,24,"Lost"
"Row1090","4/8/2015",2579,"Inferno",10,16,12,6,20,0,32,"Lost"
"Row1091","4/8/2015",1875,"Overpass",16,2,17,5,8,3,51,"Win"
"Row1092","4/8/2015",2006,"Mirage",16,7,12,8,12,2,44,"Win"
"Row1093","3/8/2015",2515,"Mirage",10,16,14,2,20,2,37,"Lost"
"Row1094","1/8/2015",2642,"Mirage",16,13,18,4,19,0,45,"Win"
"Row1095","1/8/2015",1698,"Mirage",16,3,12,4,17,0,36,"Lost"
"Row1096","1/8/2015",2190,"Inferno",16,8,16,1,22,0,35,"Lost"
"Row1097","1/8/2015",2126,"Dust II",9,16,20,6,18,4,53,"Win"
"Row1098","1/8/2015",2139,"Dust II",16,9,21,4,12,2,54,"Win"
"Row1099","1/8/2015",2838,"Mirage",15,15,20,7,23,4,48,"Tie"
"Row1100","1/8/2015",2073,"Inferno",16,6,11,4,16,3,34,"Lost"
"Row1101","1/8/2015",2025,"Mirage",7,16,15,2,20,1,32,"Lost"
"Row1102","31/7/2015",2105,"Dust II",16,11,15,5,20,2,38,"Lost"
"Row1103","31/7/2015",2144,"Mirage",16,9,16,4,22,1,45,"Lost"
"Row1104","31/7/2015",2251,"Inferno",10,16,11,2,12,1,28,"Win"
"Row1105","31/7/2015",2186,"Inferno",16,8,21,4,17,4,49,"Lost"
"Row1106","31/7/2015",1872,"Mirage",6,16,16,5,11,5,51,"Win"
"Row1107","31/7/2015",2311,"Dust II",12,16,13,5,17,0,36,"Win"
"Row1108","31/7/2015",2076,"Inferno",6,16,7,6,19,1,20,"Lost"
"Row1109","30/7/2015",2131,"Mirage",8,16,1,2,8,0,4,"Lost"
"Row1110","30/7/2015",2172,"Dust II",9,16,16,2,13,2,44,"Win"
"Row1111","30/7/2015",2672,"Inferno",10,16,16,7,23,3,47,"Lost"
"Row1112","29/7/2015",2162,"Dust II",16,10,13,3,21,2,37,"Lost"
"Row1113","29/7/2015",2005,"Dust II",8,16,12,4,20,1,32,"Lost"
"Row1114","28/7/2015",2227,"Dust II",16,9,15,4,17,3,35,"Win"
"Row1115","28/7/2015",2032,"Mirage",4,16,12,7,17,2,32,"Lost"
"Row1116","28/7/2015",1904,"Dust II",16,6,18,5,12,1,47,"Win"
"Row1117","27/7/2015",1877,"Mirage",16,5,10,3,15,2,32,"Lost"
"Row1118","27/7/2015",2235,"Dust II",11,16,18,4,17,2,42,"Win"
"Row1119","26/7/2015",2031,"Dust II",9,16,16,7,18,2,42,"Win"
"Row1120","26/7/2015",2435,"Mirage",16,12,14,9,21,1,41,"Win"
"Row1121","25/7/2015",2299,"Mirage",9,16,11,4,16,2,33,"Lost"
"Row1122","25/7/2015",1619,"Dust II",16,5,8,1,19,2,26,"Lost"
"Row1123","25/7/2015",2029,"Dust II",7,16,12,3,17,1,29,"Lost"
"Row1124","24/7/2015",2845,"Dust II",16,13,15,7,22,1,42,"Win"
"Row1125","24/7/2015",2349,"Dust II",12,16,13,1,21,1,28,"Lost"
"Row1126","24/7/2015",1834,"Dust II",4,16,6,3,15,0,17,"Win"
"Row1127","23/7/2015",1819,"Dust II",16,4,10,5,12,1,30,"Win"
"Row1128","23/7/2015",1573,"Dust II",16,4,12,2,20,0,26,"Lost"
"Row1129","23/7/2015",2126,"Dust II",16,8,19,6,21,2,51,"Lost"
"Row1130","23/7/2015",2555,"Dust II",11,16,9,3,20,2,30,"Lost"
"Row1131","23/7/2015",2293,"Dust II",8,16,11,4,20,1,31,"Lost"
"Row1132","23/7/2015",1858,"Dust II",7,16,6,3,15,1,23,"Win"
